Budget Project Name(s),Dept,Budget Project Code(s),Commissioner District,Estimated Completion Date,Budget Fund(s),Funding Source,Location Name,Operational Impact,Pertinent Information,Project Manager,Project Narrative,Project Phase,Status,Project Priority,Start Date,Strategic Goals,Budget Org Code(s),Budget Account Code(s),Budget Account Name(s),In-House Engineering,FY2027 Proposed,FY2028 Proposed,FY2029 Proposed,FY2030 Proposed,FY2031 Proposed,Total FY2027-FY2031,Status Notes,Last Updated,Last Updated By,FY 2022 Proposed,FY2023 Proposed,FY2024 Proposed,FY2025 Proposed,YouTube Video URL,FY2026 Proposed
Baldwin Library/Learning Center,Administration,10749,District 3,,Capital Projects Fund,,,,,Caitlin Cerise,,Identification,,None,,,30047000,562000,Buildings,,$0,$0,$0,"$8,000,000",$0,"$8,000,000",,8/27/2026,,,,,,,
Roof Replacement Fire Station 4 DeFuniak Springs,Building & Construction Maintenance,,District 2,,Capital Projects Fund,,,,,,,Identification,,,,,,,,,"$515,000",$0,,,,"$515,000",,8/27/2026,,,,,,,
Coastal Branch Library Expansion,Administration,10750,District 5,,Capital Projects Fund,,,,,Caitlin Cerise,,Identification,,None,,,30047000,562000,Buildings,,$0,$0,$0,"$3,000,000",$0,"$3,000,000",,,,,,,,,
US 331 Bridge Lighting,Engineering,10751,,,Tourist Development Fund,"Per the latest from FDOT, Total Project Cost is approximately $8,807,000 with the following breakdown:

$606,466 (Remaining Design Funds from Legislative Appropriation No. 1)
$2,900,000 ( Legislative Appropriation No.2- Per FDOT)
$2,900, 000 (Legislative Appropriation No.2 Local Match Requirement- Per FDOT)

Unfunded Need= Approximately $2,400,000

Total County Contribution = $2.9 M + $2.4 M = $5.3 M",US 331 Clyde B Wells Bridge,,,FDOT,"The proposed project will incorporate bridge lighting across the US 331 Clyde B Wells Bridge in Walton County, FL. This project has been designed by an FDOT Consultant with design funds being allocated through a State legislative appropriation.",Construction,,High – Strategic Growth,,,11141000,563000,Infrastructure,,"$6,000,000",$0,$0,$0,$0,"$6,000,000",,,,,,,,,
Recreational Infrastructure,Administration,,Countywide,,Capital Projects Fund,,,,,,,Identification,,,,,,,,,"$2,983,198",$0,$0,$0,$0,"$2,983,198",,,,,,,,,
Building Construction & Maintenance Facility,Building & Construction Maintenance,,District 3,,Capital Projects Fund,,,,,Brad Alford,,Identification,Programmed,None,,,,,,,$0,"$3,500,000",$0,$0,$0,"$3,500,000",,,,,,,,,
ABT Martin (Dirt To Pave),Public Works,,District 3,,Transportation Fund,,ABT Martin Road,,,Scott Caraway,"The proposed project consists of paving an existing county-maintained dirt roadway to improve the overall safety, reliability, and efficiency of the county’s transportation network. The roadway currently serves local residents, school bus traffic, emergency service providers, and other daily users; however, its unpaved condition creates ongoing maintenance challenges, reduced travel reliability, and hazardous driving conditions during periods of heavy rainfall and dry weather. The project will include roadway grading and shaping, installation or improvement of drainage infrastructure as needed, placement of a stabilized base course, and construction of an asphalt pavement surface. Associated work may also include shoulder improvements, traffic control devices, roadway striping, and erosion control measures necessary to provide a durable and safe transportation corridor. Paving this roadway will provide significant long-term benefits to the county and the traveling public. The project will improve vehicle safety by reducing loose aggregate, washboarding, rutting, dust generation, and muddy conditions that are commonly associated with dirt roads. The improved surface will enhance traction and visibility while reducing the likelihood of accidents and roadway failures during adverse weather conditions. The project will also improve emergency response access and reliability for law enforcement, fire rescue, and medical personnel by providing a dependable all-weather route. School bus operations and daily commuting conditions for residents will be improved through smoother travel surfaces, reduced vehicle wear and tear, and shorter travel times.

From an operational standpoint, paving the roadway will reduce the county’s recurring maintenance costs associated with grading, reshaping, dust suppression, and storm-related repairs that are routinely required on unpaved roads. The paved surface will provide a longer-lasting transportation asset that can be maintained more efficiently and economically over time. In addition, the project will support continued growth and economic development within the county by improving connectivity between residential areas, agricultural properties, local businesses, and other public infrastructure. The upgraded roadway will strengthen the county transportation system by providing safer and more dependable access for residents and visitors while enhancing the overall quality of life for the surrounding community.",Construction,,High – Strategic Growth,,,,,,,$0,$0,$0,$0,"$68,000","$68,000",,,,,,,,,
Alderberry Connector Road Extension,Engineering,,District 4,,Capital Projects Fund,"The proposed funding source for the Design phase (FY 27) will be with in-house engineering staff. The budgeted amount of $600,000 would be the anticipated cost for outsourcing of the project.

The proposed funding source for the Construction phase (FY 31) has yet to be determined but staff will continue to evaluate any applicable and appropriate grant sources that may be available to either partially or fully fund this project.",Alderberry Connector Rd Extension,,,County Engineering,"This project proposes a new two (2) lane roadway from East Hewett Rd to Don Bishop Rd (via Mario Rd). Project intent is to include Complete Street elements, such as paths, sidewalks, trail or bike lanes.

This project is part of a phased approach to create an alternative roadway connection to US Hwy 98 and expand the transportation network system in an effort to provide alternate routes, improve safety response time for emergency vehicles, alleviate congested roadways, enhance transportation route redundancy, and improve mobility options in the area.",Design,,High – Strategic Growth,,,,,,"$600,000",$0,$0,$0,$0,"$7,900,000","$8,500,000",,,,,,,,,
Amaryllis Lane (Dirt To Pave),Public Works,10533,District 3,,Transportation Fund,,Amaryllis Lane,,,Scott Caraway,"The proposed project consists of paving an existing county-maintained dirt roadway to improve the overall safety, reliability, and efficiency of the county’s transportation network. The roadway currently serves local residents, school bus traffic, emergency service providers, and other daily users; however, its unpaved condition creates ongoing maintenance challenges, reduced travel reliability, and hazardous driving conditions during periods of heavy rainfall and dry weather. The project will include roadway grading and shaping, installation or improvement of drainage infrastructure as needed, placement of a stabilized base course, and construction of an asphalt pavement surface. Associated work may also include shoulder improvements, traffic control devices, roadway striping, and erosion control measures necessary to provide a durable and safe transportation corridor. Paving this roadway will provide significant long-term benefits to the county and the traveling public. The project will improve vehicle safety by reducing loose aggregate, wash-boarding, rutting, dust generation, and muddy conditions that are commonly associated with dirt roads. The improved surface will enhance traction and visibility while reducing the likelihood of accidents and roadway failures during adverse weather conditions. The project will also improve emergency response access and reliability for law enforcement, fire rescue, and medical personnel by providing a dependable all-weather route. School bus operations and daily commuting conditions for residents will be improved through smoother travel surfaces, reduced vehicle wear and tear, and shorter travel times.

From an operational standpoint, paving the roadway will reduce the county’s recurring maintenance costs associated with grading, reshaping, dust suppression, and storm-related repairs that are routinely required on unpaved roads. The paved surface will provide a longer-lasting transportation asset that can be maintained more efficiently and economically over time. In addition, the project will support continued growth and economic development within the county by improving connectivity between residential areas, agricultural properties, local businesses, and other public infrastructure. The upgraded roadway will strengthen the county transportation system by providing safer and more dependable access for residents and visitors while enhancing the overall quality of life for the surrounding community.",None,,High – Strategic Growth,,,10116001,563000,Infrastructure,,$0,$0,"$76,000",$0,$0,"$76,000",,,,,,,,,
Arbour Street (Dirt To Pave),Public Works,10534,District 3,,Capital Projects Fund,,Arbour Street,,,Scott Caraway,"The proposed project consists of paving an existing county-maintained dirt roadway to improve the overall safety, reliability, and efficiency of the county’s transportation network. The roadway currently serves local residents, school bus traffic, emergency service providers, and other daily users; however, its unpaved condition creates ongoing maintenance challenges, reduced travel reliability, and hazardous driving conditions during periods of heavy rainfall and dry weather. The project will include roadway grading and shaping, installation or improvement of drainage infrastructure as needed, placement of a stabilized base course, and construction of an asphalt pavement surface. Associated work may also include shoulder improvements, traffic control devices, roadway striping, and erosion control measures necessary to provide a durable and safe transportation corridor. Paving this roadway will provide significant long-term benefits to the county and the traveling public. The project will improve vehicle safety by reducing loose aggregate, wash-boarding, rutting, dust generation, and muddy conditions that are commonly associated with dirt roads. The improved surface will enhance traction and visibility while reducing the likelihood of accidents and roadway failures during adverse weather conditions. The project will also improve emergency response access and reliability for law enforcement, fire rescue, and medical personnel by providing a dependable all-weather route. School bus operations and daily commuting conditions for residents will be improved through smoother travel surfaces, reduced vehicle wear and tear, and shorter travel times.

From an operational standpoint, paving the roadway will reduce the county’s recurring maintenance costs associated with grading, reshaping, dust suppression, and storm-related repairs that are routinely required on unpaved roads. The paved surface will provide a longer-lasting transportation asset that can be maintained more efficiently and economically over time. In addition, the project will support continued growth and economic development within the county by improving connectivity between residential areas, agricultural properties, local businesses, and other public infrastructure. The upgraded roadway will strengthen the county transportation system by providing safer and more dependable access for residents and visitors while enhancing the overall quality of life for the surrounding community.",None,,High – Strategic Growth,,,,563000,Infrastructure,,$0,$0,$0,"$106,500",$0,"$106,500",,,,,,,,,
Bluebottle Court (Dirt to Pave),Public Works,,District 3,,Transportation Fund,,Bluebottle Court,,,Scott Caraway,"The proposed project consists of paving an existing county-maintained dirt roadway to improve the overall safety, reliability, and efficiency of the county’s transportation network. The roadway currently serves local residents, school bus traffic, emergency service providers, and other daily users; however, its unpaved condition creates ongoing maintenance challenges, reduced travel reliability, and hazardous driving conditions during periods of heavy rainfall and dry weather. The project will include roadway grading and shaping, installation or improvement of drainage infrastructure as needed, placement of a stabilized base course, and construction of an asphalt pavement surface. Associated work may also include shoulder improvements, traffic control devices, roadway striping, and erosion control measures necessary to provide a durable and safe transportation corridor. Paving this roadway will provide significant long-term benefits to the county and the traveling public. The project will improve vehicle safety by reducing loose aggregate, wash-boarding, rutting, dust generation, and muddy conditions that are commonly associated with dirt roads. The improved surface will enhance traction and visibility while reducing the likelihood of accidents and roadway failures during adverse weather conditions. The project will also improve emergency response access and reliability for law enforcement, fire rescue, and medical personnel by providing a dependable all-weather route. School bus operations and daily commuting conditions for residents will be improved through smoother travel surfaces, reduced vehicle wear and tear, and shorter travel times.

From an operational standpoint, paving the roadway will reduce the county’s recurring maintenance costs associated with grading, reshaping, dust suppression, and storm-related repairs that are routinely required on unpaved roads. The paved surface will provide a longer-lasting transportation asset that can be maintained more efficiently and economically over time. In addition, the project will support continued growth and economic development within the county by improving connectivity between residential areas, agricultural properties, local businesses, and other public infrastructure. The upgraded roadway will strengthen the county transportation system by providing safer and more dependable access for residents and visitors while enhancing the overall quality of life for the surrounding community.",None,,High – Strategic Growth,,,,,,,$0,$0,$0,$0,"$26,000","$26,000",,,,,,,,,
Blue Gulf Resort Roadway & Drainage Improvements,Engineering,10535,,,Capital Projects Fund,,,,,,,None,,None,,,30047030,563000,Infrastructure,,$0,"$2,500,000",$0,$0,$0,"$2,500,000",,,,,,,,,
Bridge Construction/TBD,Public Works,,,,Transportation Fund,,,,,,"This project will involve the replacement of an existing county-maintained bridge that has reached the end of its useful service life and no longer meets current structural, hydraulic, and safety standards. The new bridge will be designed to safely accommodate vehicular traffic, emergency response vehicles, and anticipated future growth within the corridor. The project is intended to enhance public safety, improve transportation reliability, and ensure continued access for residents, emergency services, and commerce. Upon completion, the new bridge will provide increased structural integrity, improved resiliency against flooding events, and reduced long-term maintenance needs for the County.",None,,High – Strategic Growth,,,,,,,,,,,"$1,160,000","$1,160,000",,,,,,,,,
Bridge Design/TBD,Public Works,10536,,,Transportation Fund,,TBD,,,Scott Caraway,"This project involves the design for a replacement of an existing county-maintained bridge that has reached the end of its useful service life and no longer meets current structural, hydraulic, and safety standards. The existing structure exhibits age-related deterioration, reduced load capacity, and functional deficiencies that limit its ability to safely accommodate current and projected traffic demands.
The new bridge will be designed to safely accommodate vehicular traffic, emergency response vehicles, and anticipated future growth within the corridor. The project is intended to enhance public safety, improve transportation reliability, and ensure continued access for residents, emergency services, and commerce. Upon completion, the new bridge will provide increased structural integrity, improved resiliency against flooding events, and reduced long-term maintenance needs for the County.",None,,High – Strategic Growth,,,10116001,563000,Infrastructure,,$0,$0,$0,"$500,000","$500,000","$1,000,000",,,,,,,,,
Chat Holley & US 331 Intersection Improvements (Long Term Option),Engineering,10538,District 5,,Capital Projects Fund,"The proposed funding source for the Design phase (FY 27) will be the Capital Projects Fund.  Engineering staff did submit a CIGP application to the Florida Department of Transportation for consideration for financial assistance for this project in March 2026.  FDOT does not typically announce their draft Five Year Work Plan, which would include grant funded projects, until November/December of each year.  It should be noted that the CIGP grant does require a match from the County.  Therefore, in the event of grant award, the County would still have to provide matching funds for the project. 

The proposed funding source for the Construction phase (FY 29) has yet to be determined but staff will continue to evaluate any applicable and appropriate grant sources that may be available to either partially or fully fund this project.",Chat Holley & US 331 S,,"The County's Consultant, DRMP, did provide an intersection evaluation report in July 2023 that recommended both short term and long term improvements to the intersection.  County staff and in-house crews have implemented the short term improvements.",County Engineering,"This project proposes intersection improvements to include the installation of luminaries on nearby power poles, construction of a southbound right turn lane on US 331, modification of the existing eastbound right turn lane island and radius on Chat Holley Rd, construction of a dedicated eastbound left turn lane on Chat Holley rd and any other slight realignment to existing southbound travel lanes (south of the intersection) to support the aforementioned intersection modifications.  This project will be constructed within existing County and FDOT right-of-way.",Design,,High – Strategic Growth,,,,563000,Infrastructure,,"$260,000",$0,"$1,500,000",$0,$0,"$1,760,000",,,,,,,,,
Chat Holley Road Resurfacing,Public Works,,,,Transportation Fund,,,,,,"Overlaying the existing asphalt roadway surface will preserve and extend the service life of the County’s transportation infrastructure while improving overall roadway conditions for the traveling public. The project will consist of resurfacing the existing asphalt pavement to address surface deterioration, rutting, cracking, and other deficiencies caused by age, weather, and continuous traffic loading. The proposed asphalt overlay will restore a smooth and structurally sound driving surface, improving ride quality and enhancing roadway safety for motorists, school buses, emergency response vehicles, and commercial traffic. By correcting surface defects and sealing the existing pavement, the project will also reduce water infiltration into the roadway base, helping to prevent accelerated pavement failure and reducing long-term maintenance costs for the County.",None,,High – Strategic Growth,,,,,,,,"$481,500",,,,"$481,500",,,,,,,,,
Clover Lane (Dirt To Pave),Public Works,10539,District 3,,Transportation Fund,,Clover Lane,,,Scott Caraway,"The proposed project consists of paving an existing county-maintained dirt roadway to improve the overall safety, reliability, and efficiency of the county’s transportation network. The roadway currently serves local residents, school bus traffic, emergency service providers, and other daily users; however, its unpaved condition creates ongoing maintenance challenges, reduced travel reliability, and hazardous driving conditions during periods of heavy rainfall and dry weather. The project will include roadway grading and shaping, installation or improvement of drainage infrastructure as needed, placement of a stabilized base course, and construction of an asphalt pavement surface. Associated work may also include shoulder improvements, traffic control devices, roadway striping, and erosion control measures necessary to provide a durable and safe transportation corridor. Paving this roadway will provide significant long-term benefits to the county and the traveling public. The project will improve vehicle safety by reducing loose aggregate, wash-boarding, rutting, dust generation, and muddy conditions that are commonly associated with dirt roads. The improved surface will enhance traction and visibility while reducing the likelihood of accidents and roadway failures during adverse weather conditions. The project will also improve emergency response access and reliability for law enforcement, fire rescue, and medical personnel by providing a dependable all-weather route. School bus operations and daily commuting conditions for residents will be improved through smoother travel surfaces, reduced vehicle wear and tear, and shorter travel times.",None,,High – Strategic Growth,,,10116001,563000,Infrastructure,,$0,"$112,000",$0,$0,$0,"$112,000",,,,,,,,,
Cook Road Reconstruction,Public Works,10540,District 2,,Capital Projects Fund,,Cook Rd.,,,Scott Caraway,"Overlaying the existing asphalt roadway surface will preserve and extend the service life of the County’s transportation infrastructure while improving overall roadway conditions for the traveling public. The project will consist of resurfacing the existing asphalt pavement to address surface deterioration, rutting, cracking, and other deficiencies caused by age, weather, and continuous traffic loading. The proposed asphalt overlay will restore a smooth and structurally sound driving surface, improving ride quality and enhancing roadway safety for motorists, school buses, emergency response vehicles, and commercial traffic. By correcting surface defects and sealing the existing pavement, the project will also reduce water infiltration into the roadway base, helping to prevent accelerated pavement failure and reducing long-term maintenance costs for the County.",None,,High – Strategic Growth,,,,563000,Infrastructure,,"$442,500",$0,$0,$0,$0,"$442,500",,,,,,,,,
County Line Road Paving (Resurfacing),Public Works,10543,District 3,,Capital Projects Fund,,County Line Rd. (North Walton),,,Scott Caraway,"Overlaying the roadway surface will preserve and extend the service life of the County’s transportation infrastructure while improving overall roadway conditions for the traveling public. The project will consist of resurfacing to address surface deterioration and other deficiencies caused by age, weather, and continuous traffic loading. The proposed asphalt overlay will restore a smooth and structurally sound driving surface, improving ride quality and enhancing roadway safety for motorists, school buses, emergency response vehicles, and commercial traffic. By correcting surface defects and sealing the existing road surface, the project will also reduce water infiltration into the roadway base, helping to prevent accelerated pavement failure and reducing long-term maintenance costs for the County.",None,,High – Strategic Growth,,,,563000,In-House Road Material,,"$141,000",$0,$0,$0,$0,"$141,000",,,,,,,,,
Cowslip Court (Dirt to Pave),Public Works,,,,Transportation Fund,,,,,,"The proposed project consists of paving an existing county-maintained dirt roadway to improve the overall safety, reliability, and efficiency of the county’s transportation network. The roadway currently serves local residents, school bus traffic, emergency service providers, and other daily users; however, its unpaved condition creates ongoing maintenance challenges, reduced travel reliability, and hazardous driving conditions during periods of heavy rainfall and dry weather. The project will include roadway grading and shaping, installation or improvement of drainage infrastructure as needed, placement of a stabilized base course, and construction of an asphalt pavement surface. Associated work may also include shoulder improvements, traffic control devices, roadway striping, and erosion control measures necessary to provide a durable and safe transportation corridor. Paving this roadway will provide significant long-term benefits to the county and the traveling public. The project will improve vehicle safety by reducing loose aggregate, wash-boarding, rutting, dust generation, and muddy conditions that are commonly associated with dirt roads. The improved surface will enhance traction and visibility while reducing the likelihood of accidents and roadway failures during adverse weather conditions. The project will also improve emergency response access and reliability for law enforcement, fire rescue, and medical personnel by providing a dependable all-weather route. School bus operations and daily commuting conditions for residents will be improved through smoother travel surfaces, reduced vehicle wear and tear, and shorter travel times.",None,,High – Strategic Growth,,,,,,,,,,,"$42,000","$42,000",,,,,,,,,
CR 280 Bob Sikes Roadway Resurfacing Project Phase 1,Engineering,,,,Grant Funded,,,,,,"This project scope is for Phase 1 construction of CR 280 Bob Sikes from US 331 to 900 ft west of Pleasant Ridge Rd. Scope of work includes operational improvements such as turn lanes additions and/or expansion near the the US 331 intersection, milling and resurfacing, associated drainage improvements and safety upgrades.",Construction,,High – Strategic Growth,,,,,,,"$4,222,841",,,,,"$4,222,841",,,,,,,,,
CR 30A & CR 393 Inters Signal Improvements,Engineering,10548,,,Capital Projects Fund,,,,,,,None,,None,,,30047030,563000,Infrastructure,,$0,"$4,400,000",$0,$0,$0,"$4,400,000",,,,,,,,,
CR 30A Sidewalk From Ventana Blvd To Blue Gulf Drive,Engineering,10723,District 5,,Capital Projects Fund,"The proposed funding source for the Design phase (FY 27) will be with in-house engineering staff. The budgeted amount of $34,800 would be the anticipated cost for outsourcing of the project.

The proposed funding source for Construction will be Capital Projects Fund, material only cost.  Public Works in-house crews will be utilized for construction activities and in-house engineering staff will provide CEI services.  The budgeted amount of $20,880 would be the anticipated cost for outsourcing of the project.

Total project cost of $229,680 with a breakdown as follows:
 • Design Cost: $34,800 (anticipated cost for outsourcing of the project; will be done with in-house engineering staff)
 • Construction Cost (Materials Only): $174,000
 • CEI Cost: $20,8800 (anticipated cost for outsourcing of the project; will be done with in-house engineering staff)",CR 30A,,,County Engineering,"This project includes both the design and construction, in FY 27, for pedestrian improvements along CR 30A from Ventana Blvd to Blue Gulf. Improvements include construction of a sidewalk along the northern portion of CR 30A.",Design,,High – Strategic Growth,,,,563000,Infrastructure,"$55,680","$174,000",$0,$0,$0,$0,"$229,680",,,,,,,,,
CR 30A & S Watersound Parkway Signalized Intersection,Engineering,10549,,,Capital Projects Fund,,,,,,,None,,None,,,30047030,563000,Infrastructure,,$0,"$2,500,000",$0,$0,$0,"$2,500,000",,,,,,,,,
CR 393 N Roadway & Pedestrian Improvements Phase 2,Engineering,10551,,,Capital Projects Fund,,,,,,"From an operational standpoint, paving the roadway will reduce the county’s recurring maintenance costs associated with grading, reshaping, dust suppression, and storm-related repairs that are routinely required on unpaved roads. The paved surface will provide a longer-lasting transportation asset that can be maintained more efficiently and economically over time. In addition, the project will support continued growth and economic development within the county by improving connectivity between residential areas, agricultural properties, local businesses, and other public infrastructure. The upgraded roadway will strengthen the county transportation system by providing safer and more dependable access for residents and visitors while enhancing the overall quality of life for the surrounding community",None,,None,,,30047030,563000,Infrastructure,,$0,$0,"$300,000",$0,"$2,500,000","$2,800,000",,,,,,,,,
CR 83 N (Blue Mountain Rd) Extension from  Us 98 To Chat Holley,Engineering,10553,District 5,,Capital Projects Fund,,,,,,,None,,None,,,10116001; 30047030,563000,Infrastructure,,"$250,000",$0,"$8,420,000",$0,$0,"$8,670,000",,,,,,,,,
CR 83 S Pedestrian Path Extension,Engineering,10556,,,Capital Projects Fund,,,,,,,None,Programmed,None,,,30047030,563000,Infrastructure,,$0,$0,$0,"$729,600",$0,"$729,600",,,,,,,,,
Daisy Lane (Dirt To Pave),Public Works,10562,District 3,,Transportation Fund,,Daisy Lane,,,Scott Caraway,"The proposed project consists of paving an existing county-maintained dirt roadway to improve the overall safety, reliability, and efficiency of the county’s transportation network. The roadway currently serves local residents, school bus traffic, emergency service providers, and other daily users; however, its unpaved condition creates ongoing maintenance challenges, reduced travel reliability, and hazardous driving conditions during periods of heavy rainfall and dry weather. The project will include roadway grading and shaping, installation or improvement of drainage infrastructure as needed, placement of a stabilized base course, and construction of an asphalt pavement surface. Associated work may also include shoulder improvements, traffic control devices, roadway striping, and erosion control measures necessary to provide a durable and safe transportation corridor. Paving this roadway will provide significant long-term benefits to the county and the traveling public. The project will improve vehicle safety by reducing loose aggregate, wash-boarding, rutting, dust generation, and muddy conditions that are commonly associated with dirt roads. The improved surface will enhance traction and visibility while reducing the likelihood of accidents and roadway failures during adverse weather conditions. The project will also improve emergency response access and reliability for law enforcement, fire rescue, and medical personnel by providing a dependable all-weather route. School bus operations and daily commuting conditions for residents will be improved through smoother travel surfaces, reduced vehicle wear and tear, and shorter travel times.

From an operational standpoint, paving the roadway will reduce the county’s recurring maintenance costs associated with grading, reshaping, dust suppression, and storm-related repairs that are routinely required on unpaved roads. The paved surface will provide a longer-lasting transportation asset that can be maintained more efficiently and economically over time. In addition, the project will support continued growth and economic development within the county by improving connectivity between residential areas, agricultural properties, local businesses, and other public infrastructure. The upgraded roadway will strengthen the county transportation system by providing safer and more dependable access for residents and visitors while enhancing the overall quality of life for the surrounding community.",None,,High – Strategic Growth,,,10116001,563000,Infrastructure,,$0,"$69,000",$0,$0,$0,"$69,000",,,,,,,,,
Dalton Drive,Public Works,,District 5,,Transportation Fund,,Dalton Drive,,,Scott Caraway,"The proposed project consists of paving an existing county-maintained dirt roadway to improve the overall safety, reliability, and efficiency of the county’s transportation network. The roadway currently serves local residents, school bus traffic, emergency service providers, and other daily users; however, its unpaved condition creates ongoing maintenance challenges, reduced travel reliability, and hazardous driving conditions during periods of heavy rainfall and dry weather. The project will include roadway grading and shaping, installation or improvement of drainage infrastructure as needed, placement of a stabilized base course, and construction of an asphalt pavement surface. Associated work may also include shoulder improvements, traffic control devices, roadway striping, and erosion control measures necessary to provide a durable and safe transportation corridor. Paving this roadway will provide significant long-term benefits to the county and the traveling public. The project will improve vehicle safety by reducing loose aggregate, wash-boarding, rutting, dust generation, and muddy conditions that are commonly associated with dirt roads. The improved surface will enhance traction and visibility while reducing the likelihood of accidents and roadway failures during adverse weather conditions. The project will also improve emergency response access and reliability for law enforcement, fire rescue, and medical personnel by providing a dependable all-weather route. School bus operations and daily commuting conditions for residents will be improved through smoother travel surfaces, reduced vehicle wear and tear, and shorter travel times.

From an operational standpoint, paving the roadway will reduce the county’s recurring maintenance costs associated with grading, reshaping, dust suppression, and storm-related repairs that are routinely required on unpaved roads. The paved surface will provide a longer-lasting transportation asset that can be maintained more efficiently and economically over time. In addition, the project will support continued growth and economic development within the county by improving connectivity between residential areas, agricultural properties, local businesses, and other public infrastructure. The upgraded roadway will strengthen the county transportation system by providing safer and more dependable access for residents and visitors while enhancing the overall quality of life for the surrounding community.",None,,High – Strategic Growth,,,,,,,$0,$0,$0,"$60,000",$0,"$60,000",,,,,,,,,
Driftwood Point Rd Sidewalk Phase 4 Final Phase,Engineering,10648,,,Capital Projects Fund,,,,,,,None,,None,,,30047030,563000,Infrastructure,,$0,$0,$0,$0,"$3,836,000","$3,836,000",,,,,,,,,
Driftwood & US 98 Intersection Signalization,Engineering,10566,District 4,,Capital Projects Fund,"This project is funded by various funding sources: 
 • 	$750,000 previously encumbered from Proportional Fair Share (PFS) funds; $125,000 of those funds were utilized for design and permitting services leaving the remainder of $625,000 for construction activities
 •     $250,000 from remaining FY 26 Capital Project Funds (based on current projects coming in under the budgeted amount)
 •     $525,000 from FY 27 Capital Projects Fund",Driftwood Rd & US Hwy 98,,,County Engineering,This project includes intersection signalization improvements at US Hwy 98 and Driftwood Rd.  Additional intersection improvements that are warranted through the design process will also be included in this project.,Construction,,High – Strategic Growth,,,30047030,563000,Infrastructure,,"$1,400,000",$0,$0,$0,$0,"$1,400,000",,,,,,,,,
East Point Washington Roadway & Pedestrian Improvements,Engineering,10736,,,Capital Projects Fund,,,,,,,None,,None,,,30047030,563000,Infrastructure,,$0,"$380,000",$0,"$2,300,000",$0,"$2,680,000",,,,,,,,,
E Bay Loop (CR 83A E) Northbound Right Turn Lane,Engineering,10735,District 1,,Capital Projects Fund,County staff has had preliminary discussions with City of Freeport staff on the project need.  Potential partnering of the project may be feasible.,SR 20 and East Bay Loop Rd (CR 83A E),,,County Engineering,"The project scope includes the design, permitting and construction of a northbound right turn lane at the East Bay Loop (CR 83A E) and SR 20 intersection in Freeport.  In- house design, permitting, surveying and CEI services are included with this project.",Design,,High – Strategic Growth,,,10116001; 30047030,563000,Infrastructure,"$96,000","$300,000",$0,$0,$0,$0,"$396,000",,,,,,,,,
Fox Lake Drainage Improvements,Engineering,10569,,,Capital Projects Fund,,,,,,,None,,None,,,30047030,563000,Infrastructure,,$0,"$912,000",$0,$0,$0,"$912,000",,,,,,,,,
Goldsby Rd Multi-Use Path,Engineering,10738,,,Capital Projects Fund,,,,,,,None,,None,,,30047030,563000,Infrastructure,,$0,$0,"$200,000","$1,120,000",$0,"$1,320,000",,,,,,,,,
Hewett Bayou Connector Rd (E Lamb Drive Extension),Engineering,10274,District 4,,Capital Projects Fund,"The proposed funding source for the Construction phase was split into two years (FY 26 and FY 27).
 • The amount funded from the FY 26 Capital Projects Fund was $4,271,415.
 • The amount requested from the FY 27 Capital Projects Fund is $4,571,536.

Applications for grant assistance have been submitted to FDOT over multiple years/cycles but was not funded. Previously, the design was funded by FDOT. Due to the timeframe/expiration of the project permits (State and Federal), this project is recommended to move forward with funds programmed by the Capital projects Fund.",Hewett Bayou Connector Rd,,"County Incentive Grant Program (CIGP) applied in February 2025 $3,971,415 and Capital Infrastructure Fund $3,971,415.

Also, CIGP applied for in March 2024 without award. Again in February 2025 without award.

Total Project Cost for Construction/CEI/Mitigation = $8,842,951",County Engineering,"This project is for the construction of a new two (2) lane roadway from East Lamb Drive to East Hewett Rd. Scope of work includes the construction of an approximate 325 ft concrete bridge over Hewett Bayou, attached 6 ft sidewalk and associated drainage features. Roadway segment is one (1) mile in length and will be constructed within existing 66 ft County/Public right-of-way. Mitigation costs for permitting is included in the overall project budget.

This project is part of a phased approach to create an alternative roadway connection to US Hwy 98 and expand the transportation network system in an effort to provide alternate routes, improve safety response time for emergency vehicles, alleviate congested roadways, enhance transportation route redundancy, and improve mobility options in the area. The project design was previously funded by FDOT's CIGP program. Due to the construction cost as well as for seeking grant funding opportunities, County staff budgeted approximately 50% of the project cost in FY 26 Capital Projects Fund and the remainder of the project cost is requested as part of FY 27 Capital Projects Fund.",Construction,,High – Strategic Growth,,,30047030,563000,Infrastructure,,"$4,571,536",$0,$0,$0,$0,"$4,571,536",,9/8/2026,,,,,,https://www.youtube.com/watch?v=xixhVWezoB8&feature=youtu.be,"$2,017,127"
Holiday Shores Drainage & Pedestrian Improvements Phase IIA,Engineering,10747,District 4,,Capital Projects Fund,"The proposed funding source for the Construction phase (FY 27) will be Capital Projects Fund with  CEI services provided by in-house engineering staff. The budgeted amount of $7,560,000 would be broken down as follows:

 • Construction Costs: $7,000,000 (Outsourced)
 • CEI Costs: $560,000  (anticipated cost for outsourcing of the project; will be done with in-house engineering staff)",Holiday Rd & Forest Shore Drive,,,County Engineering,The proposed project phase includes the construction of drainage improvements and pedestrian facilities in the Holiday Shores neighborhood area. Phase 2 project limits are Holiday Rd from US Hwy 98 to Forest Shore Drive and east along Forest Shore Drive to Paradise Park.,Construction,,High – Strategic Growth,,,30047030,563000,Infrastructure,"$360,000","$3,000,000",$0,$0,$0,$0,"$3,360,000",,,,,,,,,
Holiday Shores Drainage & Pedestrian Improvements Phase IIB,Engineering,,District 4,,Transportation Fund,"The proposed funding source for the Construction phase (FY 27) will be Capital Projects Fund with  CEI services provided by in-house engineering staff. The budgeted amount of $7,560,000 would be broken down as follows:

 • Construction Costs: $7,000,000 (Outsourced)
 • CEI Costs: $560,000  (anticipated cost for outsourcing of the project; will be done with in-house engineering staff)",Holiday Rd & Forest Shore Drive,,,County Engineering,The proposed project phase includes the construction of drainage improvements and pedestrian facilities in the Holiday Shores neighborhood area. Phase 2 project limits are Holiday Rd from US Hwy 98 to Forest Shore Drive and east along Forest Shore Drive to Paradise Park.,Construction,,High – Strategic Growth,,,,,,,"$4,000,000",$0,$0,$0,$0,"$4,000,000",,,,,,,,,
Honeysuckle Street (Dirt To Pave),Public Works,,District 3,,Transportation Fund,,Honeysuckle Street,,,Scott Caraway,"The proposed project consists of paving an existing county-maintained dirt roadway to improve the overall safety, reliability, and efficiency of the county’s transportation network. The roadway currently serves local residents, school bus traffic, emergency service providers, and other daily users; however, its unpaved condition creates ongoing maintenance challenges, reduced travel reliability, and hazardous driving conditions during periods of heavy rainfall and dry weather. The project will include roadway grading and shaping, installation or improvement of drainage infrastructure as needed, placement of a stabilized base course, and construction of an asphalt pavement surface. Associated work may also include shoulder improvements, traffic control devices, roadway striping, and erosion control measures necessary to provide a durable and safe transportation corridor. Paving this roadway will provide significant long-term benefits to the county and the traveling public. The project will improve vehicle safety by reducing loose aggregate, wash-boarding, rutting, dust generation, and muddy conditions that are commonly associated with dirt roads. The improved surface will enhance traction and visibility while reducing the likelihood of accidents and roadway failures during adverse weather conditions. The project will also improve emergency response access and reliability for law enforcement, fire rescue, and medical personnel by providing a dependable all-weather route. School bus operations and daily commuting conditions for residents will be improved through smoother travel surfaces, reduced vehicle wear and tear, and shorter travel times.

From an operational standpoint, paving the roadway will reduce the county’s recurring maintenance costs associated with grading, reshaping, dust suppression, and storm-related repairs that are routinely required on unpaved roads. The paved surface will provide a longer-lasting transportation asset that can be maintained more efficiently and economically over time. In addition, the project will support continued growth and economic development within the county by improving connectivity between residential areas, agricultural properties, local businesses, and other public infrastructure. The upgraded roadway will strengthen the county transportation system by providing safer and more dependable access for residents and visitors while enhancing the overall quality of life for the surrounding community.",None,,High – Strategic Growth,,,,,,,$0,$0,$0,$0,"$53,000","$53,000",,,,,,,,,
Huckaba Road 604114 Bridge Replacement,Public Works,10575,District 2,,Transportation Fund,Transportation Fund,Huckaba Road,,,Scott Caraway,"This project involves the replacement of an existing county-maintained bridge that has reached the end of its useful service life and no longer meets current structural, hydraulic, and safety standards. The existing structure exhibits age-related deterioration, reduced load capacity, and functional deficiencies that limit its ability to safely accommodate current and projected traffic demands. The new bridge will be designed to safely accommodate vehicular traffic, emergency response vehicles, and anticipated future growth within the corridor. The project is intended to enhance public safety, improve transportation reliability, and ensure continued access for residents, emergency services, and commerce. Upon completion, the new bridge will provide increased structural integrity, improved resiliency against flooding events, and reduced long-term maintenance needs for the County.",None,,High – Strategic Growth,,,10116001,563000,Infrastructure,,$0,"$400,000","$942,000",$0,$0,"$1,342,000",,,,,,,,,
Intersection Improvements/Turn Lanes (TBD),Engineering,,,,Capital Projects Fund,,,,,,,None,,None,,,,,,,$0,$0,"$100,000","$100,000","$100,000","$300,000",,,,,,,,,
Iris Lane (Resurfacing),Public Works,10576,District 3,,Transportation Fund,,Iris Lane,,,Scott Caraway,"Overlaying the existing asphalt roadway surface will preserve and extend the service life of the County’s transportation infrastructure while improving overall roadway conditions for the traveling public. The project will consist of resurfacing the existing asphalt pavement to address surface deterioration, rutting, cracking, and other deficiencies caused by age, weather, and continuous traffic loading. The proposed asphalt overlay will restore a smooth and structurally sound driving surface, improving ride quality and enhancing roadway safety for motorists, school buses, emergency response vehicles, and commercial traffic. By correcting surface defects and sealing the existing pavement, the project will also reduce water infiltration into the roadway base, helping to prevent accelerated pavement failure and reducing long-term maintenance costs for the County.
 
In addition to improving safety and drivability, the project will support the County’s ongoing efforts to preserve public infrastructure assets in a cost-effective manner. Timely resurfacing extends the useful life of existing roadways and delays the need for more extensive and expensive reconstruction projects in the future. The improved roadway conditions will also reduce wear and tear on vehicles, enhance drainage performance, and improve overall transportation efficiency within the County.",None,,High – Strategic Growth,,,10116001,563000,Infrastructure,,$0,"$81,000",$0,$0,$0,"$81,000",,,,,,,,,
Joe Duggar Road Paving (Resurfacing),Public Works,10577,,,Capital Projects Fund,,,,,,,None,,High – Strategic Growth,,,10116001,563000,Infrastructure,,$0,$0,$0,"$138,000",$0,"$138,000",,,,,,,,,
Laurel Lane (Dirt To Pave),Public Works,10580,District 3,,Transportation Fund,,Laurel Lane,,,Scott Caraway,"The proposed project consists of paving an existing county-maintained dirt roadway to improve the overall safety, reliability, and efficiency of the county’s transportation network. The roadway currently serves local residents, school bus traffic, emergency service providers, and other daily users; however, its unpaved condition creates ongoing maintenance challenges, reduced travel reliability, and hazardous driving conditions during periods of heavy rainfall and dry weather. The project will include roadway grading and shaping, installation or improvement of drainage infrastructure as needed, placement of a stabilized base course, and construction of an asphalt pavement surface. Associated work may also include shoulder improvements, traffic control devices, roadway striping, and erosion control measures necessary to provide a durable and safe transportation corridor. Paving this roadway will provide significant long-term benefits to the county and the traveling public. The project will improve vehicle safety by reducing loose aggregate, wash-boarding, rutting, dust generation, and muddy conditions that are commonly associated with dirt roads. The improved surface will enhance traction and visibility while reducing the likelihood of accidents and roadway failures during adverse weather conditions. The project will also improve emergency response access and reliability for law enforcement, fire rescue, and medical personnel by providing a dependable all-weather route. School bus operations and daily commuting conditions for residents will be improved through smoother travel surfaces, reduced vehicle wear and tear, and shorter travel times.

From an operational standpoint, paving the roadway will reduce the county’s recurring maintenance costs associated with grading, reshaping, dust suppression, and storm-related repairs that are routinely required on unpaved roads. The paved surface will provide a longer-lasting transportation asset that can be maintained more efficiently and economically over time. In addition, the project will support continued growth and economic development within the county by improving connectivity between residential areas, agricultural properties, local businesses, and other public infrastructure. The upgraded roadway will strengthen the county transportation system by providing safer and more dependable access for residents and visitors while enhancing the overall quality of life for the surrounding community.",None,,High – Strategic Growth,,,10116001,563000,Infrastructure,,$0,"$96,000",$0,$0,$0,"$96,000",,,,,,,,,
Leichen Street (Dirt to Pave),Public Works,,District 3,,Transportation Fund,,Leichen Street,,,Scott Caraway,"The proposed project consists of paving an existing county-maintained dirt roadway to improve the overall safety, reliability, and efficiency of the county’s transportation network. The roadway currently serves local residents, school bus traffic, emergency service providers, and other daily users; however, its unpaved condition creates ongoing maintenance challenges, reduced travel reliability, and hazardous driving conditions during periods of heavy rainfall and dry weather. The project will include roadway grading and shaping, installation or improvement of drainage infrastructure as needed, placement of a stabilized base course, and construction of an asphalt pavement surface. Associated work may also include shoulder improvements, traffic control devices, roadway striping, and erosion control measures necessary to provide a durable and safe transportation corridor. Paving this roadway will provide significant long-term benefits to the county and the traveling public. The project will improve vehicle safety by reducing loose aggregate, wash-boarding, rutting, dust generation, and muddy conditions that are commonly associated with dirt roads. The improved surface will enhance traction and visibility while reducing the likelihood of accidents and roadway failures during adverse weather conditions. The project will also improve emergency response access and reliability for law enforcement, fire rescue, and medical personnel by providing a dependable all-weather route. School bus operations and daily commuting conditions for residents will be improved through smoother travel surfaces, reduced vehicle wear and tear, and shorter travel times.

From an operational standpoint, paving the roadway will reduce the county’s recurring maintenance costs associated with grading, reshaping, dust suppression, and storm-related repairs that are routinely required on unpaved roads. The paved surface will provide a longer-lasting transportation asset that can be maintained more efficiently and economically over time. In addition, the project will support continued growth and economic development within the county by improving connectivity between residential areas, agricultural properties, local businesses, and other public infrastructure. The upgraded roadway will strengthen the county transportation system by providing safer and more dependable access for residents and visitors while enhancing the overall quality of life for the surrounding community.",None,,High – Strategic Growth,,,,,,,$0,$0,$0,$0,"$32,000","$32,000",,,,,,,,,
Long Road Bridge Replacement #604130,Public Works,10581,District 2,,Capital Projects Fund,,,,,,,None,,None,,,10116001,563000,Infrastructure,,"$400,000","$1,000,000",$0,$0,$0,"$1,400,000",,,,,,,,,
Mack Bayou/Sandestin Lane Connector R,Engineering,10583,,,Capital Projects Fund,,,,,,,None,,None,,,30047030,563000,Infrastructure,,$0,$0,"$2,800,000",$0,$0,"$2,800,000",,,,,,,,,
Madge Lane & Sally Lane Roadway & Drainage Improvements,Public Works,10584,District 4,,Transportation Fund,"The proposed funding source for the Construction of this project is Public Works Capital (FY 27) with the funding source for CEI is in-house engineering staff. The budgeted amount of $494,000 includes $450,000 for materials only and $54,000 for CEI services (estimated cost if outsourced); however, the CEI services will be performed with in-house engineering staff.",,,,Public Works,This project includes asphalt paving of existing dirt roads and includes stormwater drainage improvements within existing limited rights-of-way. No pedestrian features are included with these projects due to the constrained rights-of-way.,Construction,Programmed,High – Strategic Growth,,,10116001,563000,Infrastructure,"$86,400","$450,000",$0,$0,$0,$0,"$536,400",,8/27/2026,,,,,,,
Marigold Avenue (Dirt To Pave),Public Works,10532,District 3,,Transportation Fund,,Marigold Ave.,,,Scott Caraway,"The proposed project consists of paving an existing county-maintained dirt roadway to improve the overall safety, reliability, and efficiency of the county’s transportation network. The roadway currently serves local residents, school bus traffic, emergency service providers, and other daily users; however, its unpaved condition creates ongoing maintenance challenges, reduced travel reliability, and hazardous driving conditions during periods of heavy rainfall and dry weather. The project will include roadway grading and shaping, installation or improvement of drainage infrastructure as needed, placement of a stabilized base course, and construction of an asphalt pavement surface. Associated work may also include shoulder improvements, traffic control devices, roadway striping, and erosion control measures necessary to provide a durable and safe transportation corridor. Paving this roadway will provide significant long-term benefits to the county and the traveling public. The project will improve vehicle safety by reducing loose aggregate, wash-boarding, rutting, dust generation, and muddy conditions that are commonly associated with dirt roads. The improved surface will enhance traction and visibility while reducing the likelihood of accidents and roadway failures during adverse weather conditions. The project will also improve emergency response access and reliability for law enforcement, fire rescue, and medical personnel by providing a dependable all-weather route. School bus operations and daily commuting conditions for residents will be improved through smoother travel surfaces, reduced vehicle wear and tear, and shorter travel times.

From an operational standpoint, paving the roadway will reduce the county’s recurring maintenance costs associated with grading, reshaping, dust suppression, and storm-related repairs that are routinely required on unpaved roads. The paved surface will provide a longer-lasting transportation asset that can be maintained more efficiently and economically over time. In addition, the project will support continued growth and economic development within the county by improving connectivity between residential areas, agricultural properties, local businesses, and other public infrastructure. The upgraded roadway will strengthen the county transportation system by providing safer and more dependable access for residents and visitors while enhancing the overall quality of life for the surrounding community.",None,,High – Strategic Growth,,,10116001,563000,Infrastructure,,$0,$0,"$120,000",$0,$0,"$120,000",,,,,,,,,
May Lilly Court (Dirt To Pave),Public Works,,District 3,,Transportation Fund,,May Lilly Court,,,Scott Caraway,"The proposed project consists of paving an existing county-maintained dirt roadway to improve the overall safety, reliability, and efficiency of the county’s transportation network. The roadway currently serves local residents, school bus traffic, emergency service providers, and other daily users; however, its unpaved condition creates ongoing maintenance challenges, reduced travel reliability, and hazardous driving conditions during periods of heavy rainfall and dry weather. The project will include roadway grading and shaping, installation or improvement of drainage infrastructure as needed, placement of a stabilized base course, and construction of an asphalt pavement surface. Associated work may also include shoulder improvements, traffic control devices, roadway striping, and erosion control measures necessary to provide a durable and safe transportation corridor. Paving this roadway will provide significant long-term benefits to the county and the traveling public. The project will improve vehicle safety by reducing loose aggregate, wash-boarding, rutting, dust generation, and muddy conditions that are commonly associated with dirt roads. The improved surface will enhance traction and visibility while reducing the likelihood of accidents and roadway failures during adverse weather conditions. The project will also improve emergency response access and reliability for law enforcement, fire rescue, and medical personnel by providing a dependable all-weather route. School bus operations and daily commuting conditions for residents will be improved through smoother travel surfaces, reduced vehicle wear and tear, and shorter travel times.

From an operational standpoint, paving the roadway will reduce the county’s recurring maintenance costs associated with grading, reshaping, dust suppression, and storm-related repairs that are routinely required on unpaved roads. The paved surface will provide a longer-lasting transportation asset that can be maintained more efficiently and economically over time. In addition, the project will support continued growth and economic development within the county by improving connectivity between residential areas, agricultural properties, local businesses, and other public infrastructure. The upgraded roadway will strengthen the county transportation system by providing safer and more dependable access for residents and visitors while enhancing the overall quality of life for the surrounding community.",None,,High – Strategic Growth,,,,,,,$0,$0,$0,$0,"$30,000","$30,000",,,,,,,,,
Mint Street (Dirt To Pave),Public Works,,District 3,,Transportation Fund,,Mint Street,,,Scott Caraway,"The proposed project consists of paving an existing county-maintained dirt roadway to improve the overall safety, reliability, and efficiency of the county’s transportation network. The roadway currently serves local residents, school bus traffic, emergency service providers, and other daily users; however, its unpaved condition creates ongoing maintenance challenges, reduced travel reliability, and hazardous driving conditions during periods of heavy rainfall and dry weather. The project will include roadway grading and shaping, installation or improvement of drainage infrastructure as needed, placement of a stabilized base course, and construction of an asphalt pavement surface. Associated work may also include shoulder improvements, traffic control devices, roadway striping, and erosion control measures necessary to provide a durable and safe transportation corridor. Paving this roadway will provide significant long-term benefits to the county and the traveling public. The project will improve vehicle safety by reducing loose aggregate, wash-boarding, rutting, dust generation, and muddy conditions that are commonly associated with dirt roads. The improved surface will enhance traction and visibility while reducing the likelihood of accidents and roadway failures during adverse weather conditions. The project will also improve emergency response access and reliability for law enforcement, fire rescue, and medical personnel by providing a dependable all-weather route. School bus operations and daily commuting conditions for residents will be improved through smoother travel surfaces, reduced vehicle wear and tear, and shorter travel times.

From an operational standpoint, paving the roadway will reduce the county’s recurring maintenance costs associated with grading, reshaping, dust suppression, and storm-related repairs that are routinely required on unpaved roads. The paved surface will provide a longer-lasting transportation asset that can be maintained more efficiently and economically over time. In addition, the project will support continued growth and economic development within the county by improving connectivity between residential areas, agricultural properties, local businesses, and other public infrastructure. The upgraded roadway will strengthen the county transportation system by providing safer and more dependable access for residents and visitors while enhancing the overall quality of life for the surrounding community.",None,,High – Strategic Growth,,,,,,,$0,$0,$0,$0,"$32,000","$32,000",,,,,,,,,
Morrison Springs Site Improvements (Boat Launch Facility),Engineering,10737,District 2,,Capital Projects Fund,,,,,,,None,,None,,,30047030,563000,Infrastructure,,$0,"$500,000",$0,$0,$0,"$500,000",,,,,,,,,
Multi-Use Path Bridge Updated Inspection & Recommendation Report,Engineering,10587,,,Transportation Fund,,,,,,,None,,None,,,10116001,563000,Infrastructure,,$0,$0,"$250,000",$0,"$560,000","$810,000",,,,,,,,,
Nancy Darby Rd Paving (Resurfacing),Public Works,10619,District 2,,Transportation Fund,,Nancy Darby Road,,,Scott Caraway,"Overlaying the existing asphalt roadway surface will preserve and extend the service life of the County’s transportation infrastructure while improving overall roadway conditions for the traveling public. The project will consist of resurfacing the existing asphalt pavement to address surface deterioration, rutting, cracking, and other deficiencies caused by age, weather, and continuous traffic loading. The proposed asphalt overlay will restore a smooth and structurally sound driving surface, improving ride quality and enhancing roadway safety for motorists, school buses, emergency response vehicles, and commercial traffic. By correcting surface defects and sealing the existing pavement, the project will also reduce water infiltration into the roadway base, helping to prevent accelerated pavement failure and reducing long-term maintenance costs for the County.

In addition to improving safety and drivability, the project will support the County’s ongoing efforts to preserve public infrastructure assets in a cost-effective manner. Timely resurfacing extends the useful life of existing roadways and delays the need for more extensive and expensive reconstruction projects in the future. The improved roadway conditions will also reduce wear and tear on vehicles, enhance drainage performance, and improve overall transportation efficiency within the County.",None,,High – Strategic Growth,,,10116001,553001,In-House Road Material,,$0,"$198,000",$0,$0,$0,"$198,000",,,,,,,,,
N Orange Street Pedestrian Improvements,Public Works,10734,District 5,,Capital Projects Fund,,,,,,,None,,None,,,10116001; 30047030,563000,Infrastructure,"$108,800","$340,000",$0,$0,$0,$0,"$448,800",,,,,,,,,
North Lake Drive,Public Works,,District 5,,Transportation Fund,,North Lake Drive,,,Scott Caraway,"The proposed project consists of paving an existing county-maintained dirt roadway to improve the overall safety, reliability, and efficiency of the county’s transportation network. The roadway currently serves local residents, school bus traffic, emergency service providers, and other daily users; however, its unpaved condition creates ongoing maintenance challenges, reduced travel reliability, and hazardous driving conditions during periods of heavy rainfall and dry weather. The project will include roadway grading and shaping, installation or improvement of drainage infrastructure as needed, placement of a stabilized base course, and construction of an asphalt pavement surface. Associated work may also include shoulder improvements, traffic control devices, roadway striping, and erosion control measures necessary to provide a durable and safe transportation corridor. Paving this roadway will provide significant long-term benefits to the county and the traveling public. The project will improve vehicle safety by reducing loose aggregate, wash-boarding, rutting, dust generation, and muddy conditions that are commonly associated with dirt roads. The improved surface will enhance traction and visibility while reducing the likelihood of accidents and roadway failures during adverse weather conditions. The project will also improve emergency response access and reliability for law enforcement, fire rescue, and medical personnel by providing a dependable all-weather route. School bus operations and daily commuting conditions for residents will be improved through smoother travel surfaces, reduced vehicle wear and tear, and shorter travel times.

From an operational standpoint, paving the roadway will reduce the county’s recurring maintenance costs associated with grading, reshaping, dust suppression, and storm-related repairs that are routinely required on unpaved roads. The paved surface will provide a longer-lasting transportation asset that can be maintained more efficiently and economically over time. In addition, the project will support continued growth and economic development within the county by improving connectivity between residential areas, agricultural properties, local businesses, and other public infrastructure. The upgraded roadway will strengthen the county transportation system by providing safer and more dependable access for residents and visitors while enhancing the overall quality of life for the surrounding community.",None,,High – Strategic Growth,,,,,,,$0,$0,$0,$0,"$25,000","$25,000",,,,,,,,,
Oak Grove Road Phase 2 Reconstruction (Resurfacing),Public Works,10615,District 2,,Transportation Fund,,Oak Grove Rd.,,,Scott Caraway,"Overlaying the existing asphalt roadway surface will preserve and extend the service life of the County’s transportation infrastructure while improving overall roadway conditions for the traveling public. The project will consist of resurfacing the existing asphalt pavement to address surface deterioration, rutting, cracking, and other deficiencies caused by age, weather, and continuous traffic loading. The proposed asphalt overlay will restore a smooth and structurally sound driving surface, improving ride quality and enhancing roadway safety for motorists, school buses, emergency response vehicles, and commercial traffic. By correcting surface defects and sealing the existing pavement, the project will also reduce water infiltration into the roadway base, helping to prevent accelerated pavement failure and reducing long-term maintenance costs for the County.

In addition to improving safety and drivability, the project will support the County’s ongoing efforts to preserve public infrastructure assets in a cost-effective manner. Timely resurfacing extends the useful life of existing roadways and delays the need for more extensive and expensive reconstruction projects in the future. The improved roadway conditions will also reduce wear and tear on vehicles, enhance drainage performance, and improve overall transportation efficiency within the County.",None,,High – Strategic Growth,,,10116001,553001,In-House Road Material,,$0,"$342,000",$0,$0,$0,"$342,000",,,,,,,,,
Oakwood Lakes @ Hwy 331 South Turn Lane,Public Works,,District 3,,Transportation Fund,,Oakwood Lakes Blvd.,,,Scott Caraway,"The County proposes the construction of a dedicated turn lane at the intersection of Oakwood Lakes Blvd. and U.S. Hwy 331 to improve traffic operations, enhance roadway safety, and accommodate existing and projected traffic volumes. The project location currently experiences traffic congestion, vehicle queuing, and operational conflicts caused by turning movements that impede through traffic and create potential safety hazards for motorists. The proposed project will include the construction of a dedicated turn lane, roadway widening, pavement improvements, pavement markings, signage, and other associated infrastructure necessary to safely integrate the turn lane into the existing roadway network. The design will conform to applicable roadway design standards and will be coordinated with existing utilities and drainage systems. The project will also improve access for residents, businesses, school transportation, emergency responders, and other roadway users. As traffic volumes continue to increase within the area, the proposed turn lane will help address current operational deficiencies while supporting future growth and development. The project will improve overall mobility along the corridor, reduce driver frustration caused by congestion, and enhance the safety and reliability of the transportation network.",None,,High – Strategic Growth,,,,,,"$10,800","$50,000",$0,$0,$0,$0,"$60,800",,,,,,,,,
Passion Flower Street (Dirt To Pave),Public Works,10590,District 3,,Capital Projects Fund,,Passion Flower Street,,,Scott Caraway,"The proposed project consists of paving an existing county-maintained dirt roadway to improve the overall safety, reliability, and efficiency of the county’s transportation network. The roadway currently serves local residents, school bus traffic, emergency service providers, and other daily users; however, its unpaved condition creates ongoing maintenance challenges, reduced travel reliability, and hazardous driving conditions during periods of heavy rainfall and dry weather. The project will include roadway grading and shaping, installation or improvement of drainage infrastructure as needed, placement of a stabilized base course, and construction of an asphalt pavement surface. Associated work may also include shoulder improvements, traffic control devices, roadway striping, and erosion control measures necessary to provide a durable and safe transportation corridor. Paving this roadway will provide significant long-term benefits to the county and the traveling public. The project will improve vehicle safety by reducing loose aggregate, wash-boarding, rutting, dust generation, and muddy conditions that are commonly associated with dirt roads. The improved surface will enhance traction and visibility while reducing the likelihood of accidents and roadway failures during adverse weather conditions. The project will also improve emergency response access and reliability for law enforcement, fire rescue, and medical personnel by providing a dependable all-weather route. School bus operations and daily commuting conditions for residents will be improved through smoother travel surfaces, reduced vehicle wear and tear, and shorter travel times.

From an operational standpoint, paving the roadway will reduce the county’s recurring maintenance costs associated with grading, reshaping, dust suppression, and storm-related repairs that are routinely required on unpaved roads. The paved surface will provide a longer-lasting transportation asset that can be maintained more efficiently and economically over time. In addition, the project will support continued growth and economic development within the county by improving connectivity between residential areas, agricultural properties, local businesses, and other public infrastructure. The upgraded roadway will strengthen the county transportation system by providing safer and more dependable access for residents and visitors while enhancing the overall quality of life for the surrounding community.",None,,High – Strategic Growth,,,10116001,563000,Infrastructure,,$0,$0,$0,"$109,500",$0,"$109,500",,,,,,,,,
Patch Road (Dirt To Pave),Public Works,10591,,,Transportation Fund,,,,,,,None,,None,,,10116001,563000,Infrastructure,,$0,$0,"$178,000",$0,$0,"$178,000",,,,,,,,,
Pavement Management (PCI) ,Public Works,10611,Countywide,,Capital Projects Fund,,,,,,,None,,None,,,10116001,553001,In-House Road Material,,"$900,000","$516,500","$1,893,500","$1,750,000","$1,750,000","$6,810,000",,,,,,,,,
Pedestrian Paths Project 1,Engineering,10740,,,Capital Projects Fund,,,,,,,None,,None,,,30047030,563000,Infrastructure,,$0,"$728,000",$0,$0,$0,"$728,000",,,,,,,,,
Pedestrian Paths Project 2,Engineering,10741,,,Capital Projects Fund,,,,,,,None,,None,,,30047030,563000,Infrastructure,,$0,$0,"$728,000",$0,$0,"$728,000",,,,,,,,,
Pedestrian Paths Project 3,Engineering,10742,,,Capital Projects Fund,,,,,,,None,,None,,,30047030,563000,Infrastructure,,$0,$0,"$150,000","$728,000",$0,"$878,000",,,,,,,,,
Pedestrian Paths Project 4,Engineering,10745,,,Capital Projects Fund,,,,,,,None,,None,,,30047030,563000,Infrastructure,,$0,$0,$0,"$150,000","$728,000","$878,000",,,,,,,,,
Pedestrian Paths Project 5,Engineering,10746,,,Capital Projects Fund,,,,,,,None,,None,,,30047030,563000,Infrastructure,,$0,$0,$0,$0,"$150,000","$150,000",,,,,,,,,
Pinetree Lane (Dirt To Pave),Public Works,10593,District 3,,Transportation Fund,,Pine Tree Lane,,,Scott Caraway,"Overlaying the existing asphalt roadway surface will preserve and extend the service life of the County’s transportation infrastructure while improving overall roadway conditions for the traveling public. The project will consist of resurfacing the existing asphalt pavement to address surface deterioration, rutting, cracking, and other deficiencies caused by age, weather, and continuous traffic loading. The proposed asphalt overlay will restore a smooth and structurally sound driving surface, improving ride quality and enhancing roadway safety for motorists, school buses, emergency response vehicles, and commercial traffic. By correcting surface defects and sealing the existing pavement, the project will also reduce water infiltration into the roadway base, helping to prevent accelerated pavement failure and reducing long-term maintenance costs for the County.
 
In addition to improving safety and drivability, the project will support the County’s ongoing efforts to preserve public infrastructure assets in a cost-effective manner. Timely resurfacing extends the useful life of existing roadways and delays the need for more extensive and expensive reconstruction projects in the future. The improved roadway conditions will also reduce wear and tear on vehicles, enhance drainage performance, and improve overall transportation efficiency within the County.",None,,High – Strategic Growth,,,10116001,563000,Infrastructure,,$0,$0,"$70,000",$0,$0,"$70,000",,,,,,,,,
Poinciana Blvd & Scenic Hwy 98 Intersection Signalization,Engineering,10728,District 4,,Capital Projects Fund,,CR 2378 (Scenic Gulf Drive) & Poinciana Blvd,,,County Engineering,"The intersection signalization of Poinciana Blvd and Scenic Hwy 98 (CR 2378) has been designed. Previously, it was included as part of the Poinciana Blvd Roadway and Drainage Improvements project but recently was determined to separate it in order to expedite the signalization component. Additionally, the Poinciana Blvd Roadway and Drainage Improvements project has been partially funded (pedestrian components) in FY 28 with the Transportation Alternatives program.

Project scope includes signalizing the intersection as well as implementation of pedestrian safety improvements.",Construction,,High – Strategic Growth,,,30047030,563000,Infrastructure,,"$900,000",$0,$0,$0,$0,"$900,000",,,,,,,,,
"Poinciana Blvd Roadway, Drainage & Pedestrian Improvements",Engineering,10594,,,Capital Projects Fund,,,,,,,None,,None,,,30047030,563000,Infrastructure,,$0,"$1,800,000",$0,$0,$0,"$1,800,000",,,,,,,,,
Red Magnolia Lane (Dirt To Pave),Public Works,10596,District 3,,Transportation Fund,,Red Magnolia Lane,,,Scott Caraway,"The proposed project consists of paving an existing county-maintained dirt roadway to improve the overall safety, reliability, and efficiency of the county’s transportation network. The roadway currently serves local residents, school bus traffic, emergency service providers, and other daily users; however, its unpaved condition creates ongoing maintenance challenges, reduced travel reliability, and hazardous driving conditions during periods of heavy rainfall and dry weather. The project will include roadway grading and shaping, installation or improvement of drainage infrastructure as needed, placement of a stabilized base course, and construction of an asphalt pavement surface. Associated work may also include shoulder improvements, traffic control devices, roadway striping, and erosion control measures necessary to provide a durable and safe transportation corridor. Paving this roadway will provide significant long-term benefits to the county and the traveling public. The project will improve vehicle safety by reducing loose aggregate, wash-boarding, rutting, dust generation, and muddy conditions that are commonly associated with dirt roads. The improved surface will enhance traction and visibility while reducing the likelihood of accidents and roadway failures during adverse weather conditions. The project will also improve emergency response access and reliability for law enforcement, fire rescue, and medical personnel by providing a dependable all-weather route. School bus operations and daily commuting conditions for residents will be improved through smoother travel surfaces, reduced vehicle wear and tear, and shorter travel times.

From an operational standpoint, paving the roadway will reduce the county’s recurring maintenance costs associated with grading, reshaping, dust suppression, and storm-related repairs that are routinely required on unpaved roads. The paved surface will provide a longer-lasting transportation asset that can be maintained more efficiently and economically over time. In addition, the project will support continued growth and economic development within the county by improving connectivity between residential areas, agricultural properties, local businesses, and other public infrastructure. The upgraded roadway will strengthen the county transportation system by providing safer and more dependable access for residents and visitors while enhancing the overall quality of life for the surrounding community.",None,,High – Strategic Growth,,,10116001,563000,Infrastructure,,$0,$0,$0,"$24,000",$0,"$24,000",,,,,,,,,
Rio Ranchero Road (Dirt To Pave),Public Works,,District 3,,Transportation Fund,,Rio Ranchero Rd.,,,Scott Caraway,"The proposed project consists of paving an existing county-maintained dirt roadway to improve the overall safety, reliability, and efficiency of the county’s transportation network. The roadway currently serves local residents, school bus traffic, emergency service providers, and other daily users; however, its unpaved condition creates ongoing maintenance challenges, reduced travel reliability, and hazardous driving conditions during periods of heavy rainfall and dry weather. The project will include roadway grading and shaping, installation or improvement of drainage infrastructure as needed, placement of a stabilized base course, and construction of an asphalt pavement surface. Associated work may also include shoulder improvements, traffic control devices, roadway striping, and erosion control measures necessary to provide a durable and safe transportation corridor. Paving this roadway will provide significant long-term benefits to the county and the traveling public. The project will improve vehicle safety by reducing loose aggregate, wash-boarding, rutting, dust generation, and muddy conditions that are commonly associated with dirt roads. The improved surface will enhance traction and visibility while reducing the likelihood of accidents and roadway failures during adverse weather conditions. The project will also improve emergency response access and reliability for law enforcement, fire rescue, and medical personnel by providing a dependable all-weather route. School bus operations and daily commuting conditions for residents will be improved through smoother travel surfaces, reduced vehicle wear and tear, and shorter travel times.

From an operational standpoint, paving the roadway will reduce the county’s recurring maintenance costs associated with grading, reshaping, dust suppression, and storm-related repairs that are routinely required on unpaved roads. The paved surface will provide a longer-lasting transportation asset that can be maintained more efficiently and economically over time. In addition, the project will support continued growth and economic development within the county by improving connectivity between residential areas, agricultural properties, local businesses, and other public infrastructure. The upgraded roadway will strengthen the county transportation system by providing safer and more dependable access for residents and visitors while enhancing the overall quality of life for the surrounding community.",None,,High – Strategic Growth,,,,,,,$0,$0,$0,"$120,000",$0,"$120,000",,,,,,,,,
Rock Hill Rd Improvements Phase 2,Engineering,10601,,,Capital Projects Fund,,,,,,,None,,None,,,30047030,563000,Infrastructure,,$0,"$2,271,017",$0,$0,$0,"$2,271,017",,,,,,,,,
Rock Hill Rd Improvements Phase 3,Engineering,,,,Capital Projects Fund,,,,,,,None,,,,,,,,,$0,$0,$0,"$3,208,487",$0,"$3,208,487",,,,,,,,,
Rock Hill Rd Improvements Phase 4 (Final),Engineering,10748,,,Capital Projects Fund,,,,,,,None,,None,,,30047030,563000,Infrastructure,,$0,$0,$0,"$6,150,000",$0,"$6,150,000",,,,,,,,,
Rosewood Lane (Dirt To Pave),Public Works,10604,District 3,,Transportation Fund,,Rosewood Lane,,,Scott Caraway,"The proposed project consists of paving an existing county-maintained dirt roadway to improve the overall safety, reliability, and efficiency of the county’s transportation network. The roadway currently serves local residents, school bus traffic, emergency service providers, and other daily users; however, its unpaved condition creates ongoing maintenance challenges, reduced travel reliability, and hazardous driving conditions during periods of heavy rainfall and dry weather. The project will include roadway grading and shaping, installation or improvement of drainage infrastructure as needed, placement of a stabilized base course, and construction of an asphalt pavement surface. Associated work may also include shoulder improvements, traffic control devices, roadway striping, and erosion control measures necessary to provide a durable and safe transportation corridor. Paving this roadway will provide significant long-term benefits to the county and the traveling public. The project will improve vehicle safety by reducing loose aggregate, wash-boarding, rutting, dust generation, and muddy conditions that are commonly associated with dirt roads. The improved surface will enhance traction and visibility while reducing the likelihood of accidents and roadway failures during adverse weather conditions. The project will also improve emergency response access and reliability for law enforcement, fire rescue, and medical personnel by providing a dependable all-weather route. School bus operations and daily commuting conditions for residents will be improved through smoother travel surfaces, reduced vehicle wear and tear, and shorter travel times.

From an operational standpoint, paving the roadway will reduce the county’s recurring maintenance costs associated with grading, reshaping, dust suppression, and storm-related repairs that are routinely required on unpaved roads. The paved surface will provide a longer-lasting transportation asset that can be maintained more efficiently and economically over time. In addition, the project will support continued growth and economic development within the county by improving connectivity between residential areas, agricultural properties, local businesses, and other public infrastructure. The upgraded roadway will strengthen the county transportation system by providing safer and more dependable access for residents and visitors while enhancing the overall quality of life for the surrounding community.",None,,High – Strategic Growth,,,10116001,563000,Infrastructure,,$0,$0,$0,"$42,000",$0,"$42,000",,,,,,,,,
See saw Bend (Dirt To Pave),Public Works,10607,District 3,,Transportation Fund,,See Saw Bend,,,Scott Caraway,"The proposed project consists of paving an existing county-maintained dirt roadway to improve the overall safety, reliability, and efficiency of the county’s transportation network. The roadway currently serves local residents, school bus traffic, emergency service providers, and other daily users; however, its unpaved condition creates ongoing maintenance challenges, reduced travel reliability, and hazardous driving conditions during periods of heavy rainfall and dry weather. The project will include roadway grading and shaping, installation or improvement of drainage infrastructure as needed, placement of a stabilized base course, and construction of an asphalt pavement surface. Associated work may also include shoulder improvements, traffic control devices, roadway striping, and erosion control measures necessary to provide a durable and safe transportation corridor. Paving this roadway will provide significant long-term benefits to the county and the traveling public. The project will improve vehicle safety by reducing loose aggregate, wash-boarding, rutting, dust generation, and muddy conditions that are commonly associated with dirt roads. The improved surface will enhance traction and visibility while reducing the likelihood of accidents and roadway failures during adverse weather conditions. The project will also improve emergency response access and reliability for law enforcement, fire rescue, and medical personnel by providing a dependable all-weather route. School bus operations and daily commuting conditions for residents will be improved through smoother travel surfaces, reduced vehicle wear and tear, and shorter travel times.

From an operational standpoint, paving the roadway will reduce the county’s recurring maintenance costs associated with grading, reshaping, dust suppression, and storm-related repairs that are routinely required on unpaved roads. The paved surface will provide a longer-lasting transportation asset that can be maintained more efficiently and economically over time. In addition, the project will support continued growth and economic development within the county by improving connectivity between residential areas, agricultural properties, local businesses, and other public infrastructure. The upgraded roadway will strengthen the county transportation system by providing safer and more dependable access for residents and visitors while enhancing the overall quality of life for the surrounding community.",None,,High – Strategic Growth,,,10116001,563000,Infrastructure,,$0,$0,$0,"$28,000",$0,"$28,000",,,,,,,,,
Seven Oaks Road Paving (Resurfacing),Public Works,10606,District 3,,Capital Projects Fund,,Seven Oaks Rd.,,,Scott Caraway,"Overlaying the existing asphalt roadway surface will preserve and extend the service life of the County’s transportation infrastructure while improving overall roadway conditions for the traveling public. The project will consist of resurfacing the existing asphalt pavement to address surface deterioration, rutting, cracking, and other deficiencies caused by age, weather, and continuous traffic loading. The proposed asphalt overlay will restore a smooth and structurally sound driving surface, improving ride quality and enhancing roadway safety for motorists, school buses, emergency response vehicles, and commercial traffic. By correcting surface defects and sealing the existing pavement, the project will also reduce water infiltration into the roadway base, helping to prevent accelerated pavement failure and reducing long-term maintenance costs for the County.

In addition to improving safety and drivability, the project will support the County’s ongoing efforts to preserve public infrastructure assets in a cost-effective manner. Timely resurfacing extends the useful life of existing roadways and delays the need for more extensive and expensive reconstruction projects in the future. The improved roadway conditions will also reduce wear and tear on vehicles, enhance drainage performance, and improve overall transportation efficiency within the County.",None,,High – Strategic Growth,,,10116001,553001,In-House Road Material,,"$154,500",$0,$0,$0,$0,"$154,500",,,,,,,,,
Shorey Drive (Dirt To Pave),Public Works,10603,District 3,,Capital Projects Fund,,Shorey Drive,,,Scott Caraway,"The proposed project consists of paving an existing county-maintained dirt roadway to improve the overall safety, reliability, and efficiency of the county’s transportation network. The roadway currently serves local residents, school bus traffic, emergency service providers, and other daily users; however, its unpaved condition creates ongoing maintenance challenges, reduced travel reliability, and hazardous driving conditions during periods of heavy rainfall and dry weather. The project will include roadway grading and shaping, installation or improvement of drainage infrastructure as needed, placement of a stabilized base course, and construction of an asphalt pavement surface. Associated work may also include shoulder improvements, traffic control devices, roadway striping, and erosion control measures necessary to provide a durable and safe transportation corridor. Paving this roadway will provide significant long-term benefits to the county and the traveling public. The project will improve vehicle safety by reducing loose aggregate, wash-boarding, rutting, dust generation, and muddy conditions that are commonly associated with dirt roads. The improved surface will enhance traction and visibility while reducing the likelihood of accidents and roadway failures during adverse weather conditions. The project will also improve emergency response access and reliability for law enforcement, fire rescue, and medical personnel by providing a dependable all-weather route. School bus operations and daily commuting conditions for residents will be improved through smoother travel surfaces, reduced vehicle wear and tear, and shorter travel times.

From an operational standpoint, paving the roadway will reduce the county’s recurring maintenance costs associated with grading, reshaping, dust suppression, and storm-related repairs that are routinely required on unpaved roads. The paved surface will provide a longer-lasting transportation asset that can be maintained more efficiently and economically over time. In addition, the project will support continued growth and economic development within the county by improving connectivity between residential areas, agricultural properties, local businesses, and other public infrastructure. The upgraded roadway will strengthen the county transportation system by providing safer and more dependable access for residents and visitors while enhancing the overall quality of life for the surrounding community.",None,,High – Strategic Growth,,,10116001,563000,Infrastructure,,$0,$0,$0,"$109,500",$0,"$109,500",,,,,,,,,
Snapdragon Street (Dirt To Pave),Public Works,,District 3,,Transportation Fund,,Snapdragon Street,,,Scott Caraway,"The proposed project consists of paving an existing county-maintained dirt roadway to improve the overall safety, reliability, and efficiency of the county’s transportation network. The roadway currently serves local residents, school bus traffic, emergency service providers, and other daily users; however, its unpaved condition creates ongoing maintenance challenges, reduced travel reliability, and hazardous driving conditions during periods of heavy rainfall and dry weather. The project will include roadway grading and shaping, installation or improvement of drainage infrastructure as needed, placement of a stabilized base course, and construction of an asphalt pavement surface. Associated work may also include shoulder improvements, traffic control devices, roadway striping, and erosion control measures necessary to provide a durable and safe transportation corridor. Paving this roadway will provide significant long-term benefits to the county and the traveling public. The project will improve vehicle safety by reducing loose aggregate, wash-boarding, rutting, dust generation, and muddy conditions that are commonly associated with dirt roads. The improved surface will enhance traction and visibility while reducing the likelihood of accidents and roadway failures during adverse weather conditions. The project will also improve emergency response access and reliability for law enforcement, fire rescue, and medical personnel by providing a dependable all-weather route. School bus operations and daily commuting conditions for residents will be improved through smoother travel surfaces, reduced vehicle wear and tear, and shorter travel times.

From an operational standpoint, paving the roadway will reduce the county’s recurring maintenance costs associated with grading, reshaping, dust suppression, and storm-related repairs that are routinely required on unpaved roads. The paved surface will provide a longer-lasting transportation asset that can be maintained more efficiently and economically over time. In addition, the project will support continued growth and economic development within the county by improving connectivity between residential areas, agricultural properties, local businesses, and other public infrastructure. The upgraded roadway will strengthen the county transportation system by providing safer and more dependable access for residents and visitors while enhancing the overall quality of life for the surrounding community.",None,,High – Strategic Growth,,,,,,,$0,$0,$0,$0,"$44,000","$44,000",,,,,,,,,
South Lake Drive,Public Works,,District 5,,Transportation Fund,,PW South Lake Drive,,,Scott Caraway,"The proposed project consists of paving an existing county-maintained dirt roadway to improve the overall safety, reliability, and efficiency of the county’s transportation network. The roadway currently serves local residents, school bus traffic, emergency service providers, and other daily users; however, its unpaved condition creates ongoing maintenance challenges, reduced travel reliability, and hazardous driving conditions during periods of heavy rainfall and dry weather. The project will include roadway grading and shaping, installation or improvement of drainage infrastructure as needed, placement of a stabilized base course, and construction of an asphalt pavement surface. Associated work may also include shoulder improvements, traffic control devices, roadway striping, and erosion control measures necessary to provide a durable and safe transportation corridor. Paving this roadway will provide significant long-term benefits to the county and the traveling public. The project will improve vehicle safety by reducing loose aggregate, wash-boarding, rutting, dust generation, and muddy conditions that are commonly associated with dirt roads. The improved surface will enhance traction and visibility while reducing the likelihood of accidents and roadway failures during adverse weather conditions. The project will also improve emergency response access and reliability for law enforcement, fire rescue, and medical personnel by providing a dependable all-weather route. School bus operations and daily commuting conditions for residents will be improved through smoother travel surfaces, reduced vehicle wear and tear, and shorter travel times.

From an operational standpoint, paving the roadway will reduce the county’s recurring maintenance costs associated with grading, reshaping, dust suppression, and storm-related repairs that are routinely required on unpaved roads. The paved surface will provide a longer-lasting transportation asset that can be maintained more efficiently and economically over time. In addition, the project will support continued growth and economic development within the county by improving connectivity between residential areas, agricultural properties, local businesses, and other public infrastructure. The upgraded roadway will strengthen the county transportation system by providing safer and more dependable access for residents and visitors while enhancing the overall quality of life for the surrounding community.",None,,High – Strategic Growth,,,,,,,$0,$0,$0,$0,"$22,000","$22,000",,,,,,,,,
South Orange Street Pedestrian Improvements,Engineering,10600,District 5,,Capital Projects Fund,"The proposed funding source for the Construction phase (FY 27) will be Capital Projects Fund.  Construction activities will be performed by Public Works in-house crews and CEI will be performed with in-house engineering staff. The budgeted amount of $243,200 is total project cost with a breakdown as follows:
 • $200,000 (for construction materials only)
 • $43,200  ( anticipated cost for outsourcing of the project; to be performed by in-house engineering staff)",S Orange Street,,,County Engineering,This project includes the construction of a sidewalk along South Orange Street from US Hwy 98 to Inlet Beach Regional Access Park.,Construction,,High – Strategic Growth,,,10116001; 30047030,563000,Infrastructure,"$43,200","$200,000",$0,$0,$0,$0,"$243,200",,,,,,,,,
Sugar Drive Connector Rd,Engineering,10598,District 4,,Capital Projects Fund,"The proposed funding source for the Design phase (FY 27) will be with in-house engineering staff. The budgeted amount of $300,000 would be the anticipated cost for outsourcing of the project.

Right of way acquisition will be a part of this project and is currently anticipated at approximately $600,000.

The proposed funding source for the Construction phase (FY 30) has yet to be determined but staff will continue to evaluate any applicable and appropriate grant sources that may be available to either partially or fully fund this project.

Total project cost breakdown is estimated at $3,400,000 with a breakdown as follows:
 • ROW Acquisition Costs: $600,000
 • Design Costs: $300,000 (anticipated cost for outsourcing of the project; will be performed by in-house engineering staff)
 • Construction/CEI: $2,500,000",Sugar Drive,,,County Engineering,"This project proposes a new two (2) lane roadway from Sugar Drive to Thompson Rd. Project intent is to include Complete Street elements, such as paths, sidewalks, trail or bike lanes.",Design,,High – Strategic Growth,,,30047030,563000,Infrastructure,"$300,000","$600,000",$0,$0,"$2,500,000",$0,"$3,400,000",,,,,,,,,
Tiger Lily Lane (Resurfacing),Public Works,10597,District 3,,Transportation Fund,,Tiger Lily Lane,,,Scott Caraway,"Overlaying the existing asphalt roadway surface will preserve and extend the service life of the County’s transportation infrastructure while improving overall roadway conditions for the traveling public. The project will consist of resurfacing the existing asphalt pavement to address surface deterioration, rutting, cracking, and other deficiencies caused by age, weather, and continuous traffic loading. The proposed asphalt overlay will restore a smooth and structurally sound driving surface, improving ride quality and enhancing roadway safety for motorists, school buses, emergency response vehicles, and commercial traffic. By correcting surface defects and sealing the existing pavement, the project will also reduce water infiltration into the roadway base, helping to prevent accelerated pavement failure and reducing long-term maintenance costs for the County.
 
In addition to improving safety and drivability, the project will support the County’s ongoing efforts to preserve public infrastructure assets in a cost-effective manner. Timely resurfacing extends the useful life of existing roadways and delays the need for more extensive and expensive reconstruction projects in the future. The improved roadway conditions will also reduce wear and tear on vehicles, enhance drainage performance, and improve overall transportation efficiency within the County.",None,,High – Strategic Growth,,,10116001,563000,Infrastructure,,$0,$0,"$130,000",$0,$0,"$130,000",,,,,,,,,
US 331 Multi-Use Path (CR 3280 to North of Bridge),Engineering,10570,,,Capital Projects Fund,Capital Projects Fund,,,,,,None,,None,,,30047030,563000,Infrastructure,,$0,"$195,000",$0,$0,"$1,400,000","$1,595,000",,,,,,,,,
"US 98 & South Lakeshore Intersection Signalization Project
",Engineering,10568,,,Capital Projects Fund,,,,,,,None,,None,,,30047030,563000,Infrastructure,,$0,"$275,000","$1,500,000",$0,$0,"$1,775,000",,,,,,,,,
West Snowdrop Street (Dirt To Pave),Public Works,,District 3,,Transportation Fund,,West Snowdrop Street,,,Scott Caraway,"The proposed project consists of paving an existing county-maintained dirt roadway to improve the overall safety, reliability, and efficiency of the county’s transportation network. The roadway currently serves local residents, school bus traffic, emergency service providers, and other daily users; however, its unpaved condition creates ongoing maintenance challenges, reduced travel reliability, and hazardous driving conditions during periods of heavy rainfall and dry weather. The project will include roadway grading and shaping, installation or improvement of drainage infrastructure as needed, placement of a stabilized base course, and construction of an asphalt pavement surface. Associated work may also include shoulder improvements, traffic control devices, roadway striping, and erosion control measures necessary to provide a durable and safe transportation corridor. Paving this roadway will provide significant long-term benefits to the county and the traveling public. The project will improve vehicle safety by reducing loose aggregate, wash-boarding, rutting, dust generation, and muddy conditions that are commonly associated with dirt roads. The improved surface will enhance traction and visibility while reducing the likelihood of accidents and roadway failures during adverse weather conditions. The project will also improve emergency response access and reliability for law enforcement, fire rescue, and medical personnel by providing a dependable all-weather route. School bus operations and daily commuting conditions for residents will be improved through smoother travel surfaces, reduced vehicle wear and tear, and shorter travel times.

From an operational standpoint, paving the roadway will reduce the county’s recurring maintenance costs associated with grading, reshaping, dust suppression, and storm-related repairs that are routinely required on unpaved roads. The paved surface will provide a longer-lasting transportation asset that can be maintained more efficiently and economically over time. In addition, the project will support continued growth and economic development within the county by improving connectivity between residential areas, agricultural properties, local businesses, and other public infrastructure. The upgraded roadway will strengthen the county transportation system by providing safer and more dependable access for residents and visitors while enhancing the overall quality of life for the surrounding community.",Identification,,High – Strategic Growth,,,,,,,$0,$0,$0,$0,"$34,000","$34,000",,,,,,,,,
Whitfield Bridge Replacement (#604026),Public Works,,District 1,,Transportation Fund,,Whitfield Road,,,Scott Caraway,"This project involves the replacement of an existing county-maintained bridge that has reached the end of its useful service life and no longer meets current structural, hydraulic, and safety standards. The existing structure exhibits age-related deterioration, reduced load capacity, and functional deficiencies that limit its ability to safely accommodate current and projected traffic demands. The new bridge will be designed to safely accommodate vehicular traffic, emergency response vehicles, and anticipated future growth within the corridor. The project is intended to enhance public safety, improve transportation reliability, and ensure continued access for residents, emergency services, and commerce. Upon completion, the new bridge will provide increased structural integrity, improved resiliency against flooding events, and reduced long-term maintenance needs for the County.",None,,High – Strategic Growth,,,,,,,$0,$0,"$400,000","$620,000",$0,"$1,020,000",,,,,,,,,
Bruce Fire Station,Sheriff,,District 2,,Sheriff Fund,,Bruce,,,Walton County Sheriff's Office,"The Bruce Fire Station project consists of the construction of a new fire station to support Walton County’s ongoing commitment to public safety and emergency response services. The new facility will enhance fire protection, emergency medical response, and disaster preparedness capabilities. The project is intended to improve service efficiency, reduce response times, and provide long-term public safety benefits for residents and visitors.",Construction,,Critical – Safety & Compliance,,,,,,,"$2,000,000",$0,$0,$0,$0,"$2,000,000",,,,,,,,,
Fire Station,Sheriff,,,,Capital Projects Fund,,,,,,,None,,None,,,,,,,$0,$0,"$2,200,000","$2,200,000","$2,200,000","$6,600,000",,,,,,,,,
Fleet Shop Including EV,Sheriff,,,,Grant Funded,,,,,Walton County Sheriff's Office,,Identification,,None,,,,,,,$0,$0,"$3,000,000","$3,000,000",$0,"$6,000,000",,,,,,,,,
Freeport 3280/Bear Creek Fire Station,Sheriff,,District 1,,Capital Projects Fund,,Freeport,,,Walton County Sheriff's Office,"The Freeport Fire Station project consists of the construction of a new fire station to support Walton County’s ongoing commitment to public safety and emergency response services. The new facility will enhance fire protection, emergency medical response, and disaster preparedness capabilities. The project is intended to improve service efficiency, reduce response times, and provide long-term public safety benefits for residents and visitors.",Design,,Critical – Safety & Compliance,,,,,,,"$3,500,000","$3,500,000",$0,$0,$0,"$7,000,000",,,,,,,,,
Hammock Bay Fire Station,Sheriff,,,,Capital Projects Fund,,,,,Walton County Sheriff's Office,"The Hammock Bay Fire Station project consists of the construction of a new fire station to support Walton County’s ongoing commitment to public safety and emergency response services. The new facility will enhance fire protection, emergency medical response, and disaster preparedness capabilities. The project is intended to improve service efficiency, reduce response times, and provide long-term public safety benefits for residents and visitors.",Identification,,None,,,,,,,$0,$0,"$2,200,000","$2,200,000","$2,200,000","$6,600,000",,,,,,,,,
Mossy Head Fire Station,Sheriff,,District 3,,Grant Funded,,Mossy Head,,,Walton County Sheriff's Office,"The Mossy Head Fire Station project consists of the construction of a new fire station to support Walton County’s ongoing commitment to public safety and emergency response services. The proposed project will enhance fire protection, emergency medical response, and disaster preparedness capabilities while improving emergency response coverage in the area. Funding assistance is being pursued through a U.S. Department of Defense grant program to support the development of critical public safety infrastructure and long-term community resilience.",Identification,,Critical – Safety & Compliance,,,,,,,"$1,000,000","$5,000,000",$0,$0,$0,"$6,000,000",,,,,,,,,
Pleasant Ridge Fire Station,Sheriff,,District 3,,Capital Projects Fund,,Pleasant Ridge/DeFuniak Springs,,,Walton County Sheriff's Office,"The Pleasant Ridge Fire Station project consists of the construction of a new fire station to support Walton County’s ongoing commitment to public safety and emergency response services. The new facility will enhance fire protection, emergency medical response, and disaster preparedness capabilities while improving emergency response coverage and operational efficiency. The project is intended to provide long-term public safety benefits for residents and visitors throughout the service area.",Identification,,Critical – Safety & Compliance,,,,,,,"$3,500,000","$3,500,000",$0,$0,$0,"$7,000,000",,,,,,,,,
South End Substation,Sheriff,,,,Capital Projects Fund,,,,,Walton County Sheriff's Office,,Identification,,None,,,,,,,$0,$0,"$1,000,000","$2,000,000","$2,000,000","$5,000,000",,,,,,,,,
30A Gateway Improvements,Beach Operations,10726,,,Tourist Development Fund,,,,,Josh Ervin,,Identification,,None,,,11141010,563000,Infrastructure,,"$600,000",$0,$0,$0,$0,"$600,000",,,,,,,,,
Boardwalk Dune Walkover Repair/Replacement,Beach Operations,10724,,,Tourist Development Fund,,,,,Josh Ervin,,Identification,,None,,,11141010,563000,Infrastructure,,"$1,000,000",$0,$0,$0,$0,"$1,000,000",,,,,,,,,
Deer Lake Path Realignment,Beach Operations,10725,District 5,,Tourist Development Fund,,,,,Josh Ervin,,Identification,,None,,,11141010,563000,Infrastructure,,"$500,000",$0,$0,$0,$0,"$500,000",,,,,,,,,
Dune Allen Hardscaping Project,Beach Operations,10439,District 5,,Tourist Development Fund,,,,,Josh Ervin,,Identification,,None,,,11141010,563000,Infrastructure,,"$750,000",$0,$0,$0,$0,"$750,000",,,,,,,,,
Miramar Beach Parking Facility,Beach Operations,10440,District 4,,Tourist Development Fund,,,,,Josh Ervin,,Identification,,None,,,11141090,563000,Infrastructure,,$0,"$6,500,000",$0,$0,$0,"$6,500,000",,,,,,,,,
Multi-Use Path - 30A Rebuild 395 to Eastern Lake,Beach Operations,10420,,,Tourist Development Fund,,,,,Josh Ervin,,Identification,,None,,,11141010,563000,Infrastructure,,$0,"$250,000","$3,000,000",$0,$0,"$3,250,000",,,,,,,,,
"Multi-use Path - 30A Rebuild 83 to 393
",Beach Operations,10429,District 5,,Tourist Development Fund,,,,,Josh Ervin,,Identification,,None,,,11141010,563000,Infrastructure,,"$1,000,000",$0,$0,$0,$0,"$1,000,000",,,,,,,,,
Santa Rosa Beach Performing Arts Park,Beach Operations,,District 5,,Tourist Development Fund,,,,,Josh Ervin,,Identification,,None,,,,,,,$0,$0,"$6,500,000",$0,$0,"$6,500,000",,,,,,,,,
Transit Program Gulfview & Blue Mountain,Beach Operations,,District 5,,Tourist Development Fund,,,,,Josh Ervin,,Identification,,None,,,,,,,"$1,000,000",$0,$0,$0,$0,"$1,000,000",,,,,,,,,
Walton Dunes Beach Access,Beach Operations,10180,District 5,,Tourist Development Fund,,,,,Josh Ervin,,Identification,,None,,,11141010,563000,Infrastructure,,$0,"$2,100,000",$0,$0,$0,"$2,100,000",,,,,,,,,
East Bay Loop (CR 83A E) Northbound Right Turn Lane,Engineering,10123,,,Capital Projects Fund,,,,,,,Identification,,None,,,30047030,563000,Infrastructure,,$0,$0,$0,$0,"$7,900,000","$7,900,000",,,,,,,,,
US 98 & Thompson Rd Intersection Signalization Project,Engineering,10565,,,Capital Projects Fund,,,,,,,None,,None,,,30047030,563000,Infrastructure,,$0,"$250,000","$1,250,000",$0,$0,"$1,500,000",,,,,,,,,
Varnum Road #604124 Bridge Replacement,Public Works,10563,District 2,,Transportation Fund,,Varnum Road Bridge,,,Scott Caraway,"This project involves the replacement of an existing county-maintained bridge that has reached the end of its useful service life and no longer meets current structural, hydraulic, and safety standards. The existing structure exhibits age-related deterioration, reduced load capacity, and functional deficiencies that limit its ability to safely accommodate current and projected traffic demands. The new bridge will be designed to safely accommodate vehicular traffic, emergency response vehicles, and anticipated future growth within the corridor. The project is intended to enhance public safety, improve transportation reliability, and ensure continued access for residents, emergency services, and commerce. Upon completion, the new bridge will provide increased structural integrity, improved resiliency against flooding events, and reduced long-term maintenance needs for the County.",Construction,Programmed,High – Strategic Growth,,,10116001,563000,Infrastructure,,$0,"$550,000",$0,$0,$0,"$550,000",,8/27/2026,,,,,,,
Veterans Road Improvements & Extensions,Engineering,10743,,,Capital Projects Fund,,,,,,,None,,None,,,30047030,563000,Infrastructure,,$0,"$600,000",$0,"$3,500,000",$0,"$4,100,000",,,,,,,,,
Holiday Rd & CR 2378 (Scenic Gulf Drive) Intersection Improvements,Engineering,10573,District 4,,Capital Projects Fund,,,,,,,,,,,,10116001,563000,Infrastructure,,"$225,000",$0,$0,"$1,200,000",$0,"$1,425,000",,,,,,,,,
"Wall Street, Pinewood & Walton Lakeshore Pedestrian Improvements",Engineering,10744,,,Capital Projects Fund,,,,,,,None,,None,,,30047030,563000,Infrastructure,,$0,"$1,716,000",$0,$0,$0,"$1,716,000",,,,,,,,,
Walnut Drive (Dirt To Pave),Public Works,10558,District 3,,Transportation Fund,,Walnut Drive,,,Scott Caraway,"The proposed project consists of paving an existing county-maintained dirt roadway to improve the overall safety, reliability, and efficiency of the county’s transportation network. The roadway currently serves local residents, school bus traffic, emergency service providers, and other daily users; however, its unpaved condition creates ongoing maintenance challenges, reduced travel reliability, and hazardous driving conditions during periods of heavy rainfall and dry weather. The project will include roadway grading and shaping, installation or improvement of drainage infrastructure as needed, placement of a stabilized base course, and construction of an asphalt pavement surface. Associated work may also include shoulder improvements, traffic control devices, roadway striping, and erosion control measures necessary to provide a durable and safe transportation corridor. Paving this roadway will provide significant long-term benefits to the county and the traveling public. The project will improve vehicle safety by reducing loose aggregate, wash-boarding, rutting, dust generation, and muddy conditions that are commonly associated with dirt roads. The improved surface will enhance traction and visibility while reducing the likelihood of accidents and roadway failures during adverse weather conditions. The project will also improve emergency response access and reliability for law enforcement, fire rescue, and medical personnel by providing a dependable all-weather route. School bus operations and daily commuting conditions for residents will be improved through smoother travel surfaces, reduced vehicle wear and tear, and shorter travel times.

From an operational standpoint, paving the roadway will reduce the county’s recurring maintenance costs associated with grading, reshaping, dust suppression, and storm-related repairs that are routinely required on unpaved roads. The paved surface will provide a longer-lasting transportation asset that can be maintained more efficiently and economically over time. In addition, the project will support continued growth and economic development within the county by improving connectivity between residential areas, agricultural properties, local businesses, and other public infrastructure. The upgraded roadway will strengthen the county transportation system by providing safer and more dependable access for residents and visitors while enhancing the overall quality of life for the surrounding community.",None,,High – Strategic Growth,,,10116001,563000,Infrastructure,,$0,"$20,000",$0,$0,$0,"$20,000",,,,,,,,,
Walton Magnolia and Park Place Drainage Improvements,Engineering,10557,,,Capital Projects Fund,,,,,,,None,,None,,,30047030,563000,Infrastructure,,$0,"$425,600",$0,$0,$0,"$425,600",,,,,,,,,
Grant Rockhill Road Const,Engineering,10362,,,Grant Funded,,,,,,,,,,,,10116001,563000,Infrastructure,,$0,"$2,271,017",$0,$0,$0,"$2,271,017",,,,,,,,,
Watson Road Paving (Resurfacing),Public Works,10555,District 3,,Capital Projects Fund,,Watson Rd.,,,Scott Caraway,"Overlaying the existing asphalt roadway surface will preserve and extend the service life of the County’s transportation infrastructure while improving overall roadway conditions for the traveling public. The project will consist of resurfacing the existing asphalt pavement to address surface deterioration, rutting, cracking, and other deficiencies caused by age, weather, and continuous traffic loading. The proposed asphalt overlay will restore a smooth and structurally sound driving surface, improving ride quality and enhancing roadway safety for motorists, school buses, emergency response vehicles, and commercial traffic. By correcting surface defects and sealing the existing pavement, the project will also reduce water infiltration into the roadway base, helping to prevent accelerated pavement failure and reducing long-term maintenance costs for the County.

In addition to improving safety and drivability, the project will support the County’s ongoing efforts to preserve public infrastructure assets in a cost-effective manner. Timely resurfacing extends the useful life of existing roadways and delays the need for more extensive and expensive reconstruction projects in the future. The improved roadway conditions will also reduce wear and tear on vehicles, enhance drainage performance, and improve overall transportation efficiency within the County.",None,,High – Strategic Growth,,,10116001,553001,In-House Road Material,,"$279,000",$0,$0,$0,$0,"$279,000",,,,,,,,,
West Fernwood Court (Dirt To Pave),Public Works,10554,District 3,,Capital Projects Fund,,West Fernwood Court,,,Scott Caraway,"The proposed project consists of paving an existing county-maintained dirt roadway to improve the overall safety, reliability, and efficiency of the county’s transportation network. The roadway currently serves local residents, school bus traffic, emergency service providers, and other daily users; however, its unpaved condition creates ongoing maintenance challenges, reduced travel reliability, and hazardous driving conditions during periods of heavy rainfall and dry weather. The project will include roadway grading and shaping, installation or improvement of drainage infrastructure as needed, placement of a stabilized base course, and construction of an asphalt pavement surface. Associated work may also include shoulder improvements, traffic control devices, roadway striping, and erosion control measures necessary to provide a durable and safe transportation corridor. Paving this roadway will provide significant long-term benefits to the county and the traveling public. The project will improve vehicle safety by reducing loose aggregate, wash-boarding, rutting, dust generation, and muddy conditions that are commonly associated with dirt roads. The improved surface will enhance traction and visibility while reducing the likelihood of accidents and roadway failures during adverse weather conditions. The project will also improve emergency response access and reliability for law enforcement, fire rescue, and medical personnel by providing a dependable all-weather route. School bus operations and daily commuting conditions for residents will be improved through smoother travel surfaces, reduced vehicle wear and tear, and shorter travel times.

From an operational standpoint, paving the roadway will reduce the county’s recurring maintenance costs associated with grading, reshaping, dust suppression, and storm-related repairs that are routinely required on unpaved roads. The paved surface will provide a longer-lasting transportation asset that can be maintained more efficiently and economically over time. In addition, the project will support continued growth and economic development within the county by improving connectivity between residential areas, agricultural properties, local businesses, and other public infrastructure. The upgraded roadway will strengthen the county transportation system by providing safer and more dependable access for residents and visitors while enhancing the overall quality of life for the surrounding community.",None,,High – Strategic Growth,,,10116001,563000,Infrastructure,,$0,$0,"$51,000",$0,$0,"$51,000",,,,,,,,,
West Hewett Multi-Use Path,Engineering,10739,,,Capital Projects Fund,,,,,,,None,,None,,,30047030,563000,Infrastructure,,$0,$0,"$90,000","$495,000",$0,"$585,000",,,,,,,,,
Sheriff Triumph Radio Project,Sheriff,BLANK,,,Grant Funded,,,,,,"The Triumph Radio Project consists of the development and implementation of a modern countywide public safety communications system for Walton County. The project enhances emergency communications capabilities through upgraded radio infrastructure, improved interoperability, expanded coverage, and increased system reliability for first responders and public safety agencies. Funding for the project was awarded through the Triumph Gulf Coast program to support critical infrastructure improvements that strengthen public safety, emergency response operations, and long-term community resilience.",Construction,,Critical – Safety & Compliance,,,30047000,563000,Infrastructure,,"$10,076,335",$0,$0,$0,$0,"$10,076,335",,,,,,,,,
West Violet Lane (Dirt To Pave),Public Works,10552,District 3,,Capital Projects Fund,,West Violet Lane,,,Scott Caraway,"The proposed project consists of paving an existing county-maintained dirt roadway to improve the overall safety, reliability, and efficiency of the county’s transportation network. The roadway currently serves local residents, school bus traffic, emergency service providers, and other daily users; however, its unpaved condition creates ongoing maintenance challenges, reduced travel reliability, and hazardous driving conditions during periods of heavy rainfall and dry weather. The project will include roadway grading and shaping, installation or improvement of drainage infrastructure as needed, placement of a stabilized base course, and construction of an asphalt pavement surface. Associated work may also include shoulder improvements, traffic control devices, roadway striping, and erosion control measures necessary to provide a durable and safe transportation corridor. Paving this roadway will provide significant long-term benefits to the county and the traveling public. The project will improve vehicle safety by reducing loose aggregate, wash-boarding, rutting, dust generation, and muddy conditions that are commonly associated with dirt roads. The improved surface will enhance traction and visibility while reducing the likelihood of accidents and roadway failures during adverse weather conditions. The project will also improve emergency response access and reliability for law enforcement, fire rescue, and medical personnel by providing a dependable all-weather route. School bus operations and daily commuting conditions for residents will be improved through smoother travel surfaces, reduced vehicle wear and tear, and shorter travel times.

From an operational standpoint, paving the roadway will reduce the county’s recurring maintenance costs associated with grading, reshaping, dust suppression, and storm-related repairs that are routinely required on unpaved roads. The paved surface will provide a longer-lasting transportation asset that can be maintained more efficiently and economically over time. In addition, the project will support continued growth and economic development within the county by improving connectivity between residential areas, agricultural properties, local businesses, and other public infrastructure. The upgraded roadway will strengthen the county transportation system by providing safer and more dependable access for residents and visitors while enhancing the overall quality of life for the surrounding community.",None,,High – Strategic Growth,,,10116001,563000,Infrastructure,,$0,$0,"$43,500",$0,$0,"$43,500",,,,,,,,,
13th Street Roadway & Drainage Improvements Design,Public Works,10312,District 5,8/2025,Capital Projects Fund,Transportation & Public Works,,,,,"Consultant: Atkins Engineering, Inc.
Task Order: PW 23-05
Original Design: $162,958
Supplemental No. 1: +$17,750
Revised Design Total: $180,708",Design,Complete,None,July 2023,,,,,,$0,$0,$0,$0,$0,,ACOE Permit received 8/13/2025.,9/1/2026,,,$0,$0,$0,,"$180,708"
Brown Road (Dirt to Pave),Public Works,10537,District 2,,Transportation Fund,Transportation & Public Works,,,,Scott Caraway,"The proposed project consists of paving an existing county-maintained dirt roadway to improve the overall safety, reliability, and efficiency of the county’s transportation network. The roadway currently serves local residents, school bus traffic, emergency service providers, and other daily users; however, its unpaved condition creates ongoing maintenance challenges, reduced travel reliability, and hazardous driving conditions during periods of heavy rainfall and dry weather. The project will include roadway grading and shaping, installation or improvement of drainage infrastructure as needed, placement of a stabilized base course, and construction of an asphalt pavement surface. Associated work may also include shoulder improvements, traffic control devices, roadway striping, and erosion control measures necessary to provide a durable and safe transportation corridor. Paving this roadway will provide significant long-term benefits to the county and the traveling public. The project will improve vehicle safety by reducing loose aggregate, wash-boarding, rutting, dust generation, and muddy conditions that are commonly associated with dirt roads. The improved surface will enhance traction and visibility while reducing the likelihood of accidents and roadway failures during adverse weather conditions. The project will also improve emergency response access and reliability for law enforcement, fire rescue, and medical personnel by providing a dependable all-weather route. School bus operations and daily commuting conditions for residents will be improved through smoother travel surfaces, reduced vehicle wear and tear, and shorter travel times.
From an operational standpoint, paving the roadway will reduce the county’s recurring maintenance costs associated with grading, reshaping, dust suppression, and storm-related repairs that are routinely required on unpaved roads. The paved surface will provide a longer-lasting transportation asset that can be maintained more efficiently and economically over time. In addition, the project will support continued growth and economic development within the county by improving connectivity between residential areas, agricultural properties, local businesses, and other public infrastructure. The upgraded roadway will strengthen the county transportation system by providing safer and more dependable access for residents and visitors while enhancing the overall quality of life for the surrounding community.",Construction,Programmed,None,TBD,,,,,,$0,$0,$0,$0,$0,,,8/31/2026,,,$0,$0,$0,,"$349,500"
CR 1087 Southbound Right Turn Lane,Public Works,10638,District 3,August 2026,Transportation Fund,Transportation & Public Works,,,In-House materials only,Scott Caraway,"The CR 1087 and U.S. Highway 90 Intersection Southbound Right Turn Lane project will improve traffic operations and safety at the intersection by constructing a dedicated southbound right-turn lane from CR 1087 onto U.S. 90. The improvement is intended to provide additional capacity for turning vehicles, reduce delays to through traffic, and improve the overall operation of the intersection. Project design was completed in-house by Walton County Engineering, with construction planned to be performed using County forces.",Construction,Complete,None,May 2026,,,,,,$0,$0,$0,$0,$0,,,9/1/2026,,,$0,$0,$0,,"$50,000"
Driftwood & Ellis Roadway & Drainage Improvements,Engineering,10564,District 4,June 2027,Capital Projects Fund,Transportation & Public Works,,,"The construction contract is Contract No. 25-27 with RBM Contracting Services, LLC. The Board awarded the project for a total not-to-exceed amount of $3,743,685.62, consisting of $3,550,775.27 base bid + $192,910.35 bid alternate. The scope is reconstruction of Driftwood Road and Ellis Road between US 98 and Scenic Gulf Drive",Jim Harman,"The Driftwood and Ellis Roadway, Drainage and Pedestrian Improvements project will reconstruct Driftwood Road and Ellis Road between U.S. Highway 98 and Scenic Gulf Drive in Miramar Beach. The project includes extensive drainage improvements, new curb and gutter, exfiltration drainage systems, roadway reconstruction, and new one-way roadway configurations with 12-foot paved travel lanes. An 8-foot multi-use path will also be constructed to improve pedestrian and bicycle connectivity. The improvements are designed to address recurring drainage concerns while improving safety, mobility, and pedestrian access throughout the corridor.",Construction,In Progress,None,03/2026,,,,,,$0,$0,$0,$0,$0,,"The construction contract is Contract No. 25-27 with RBM Contracting Services, LLC. The Board awarded the project for a total not-to-exceed amount of $3,743,685.62, consisting of $3,550,775.27 base bid + $192,910.35 bid alternate. The scope is reconstruction of Driftwood Road and Ellis Road between US 98 and Scenic Gulf Drive",9/1/2026,,,$0,$0,$0,https://youtu.be/NT3JmZ-1sho?si=SHahlZcNhbP9bJoR,"$6,112,293"
East Violet Lane (Dirt to Pave),Public Works,10567,,,Transportation Fund,Transportation & Public Works,,,In-House,,,Construction,Programmed,None,TBD,,,,,,$0,$0,$0,$0,$0,,,8/27/2026,,,$0,$0,$0,,"$55,500"
Hinote Southbound Left Turn Lane,Public Works,553000,District 3,October 2025,Transportation Fund,Transportation & Public Works,,,,Scott Caraway,"The Hinote Southbound Left Turn Lane project will improve traffic operations and safety along Hinote Road in the Mossy Head area by constructing a dedicated southbound left-turn lane. The improvement is intended to separate turning vehicles from through traffic, reduce delays, and improve the overall safety and operation of the roadway. Design and construction are being performed in-house by Walton County, with Public Works Capital funding programmed for construction materials.",Construction,Complete,None,September 2025,,,,,,$0,$0,$0,$0,$0,,,8/31/2026,,,$0,$0,$0,,"$30,000"
Lafavre Lane (Dirt to Pave),Public Works,10579,District 3,,Transportation Fund,Transportation & Public Works,,,"$55,500 is listed for construction; no start date found.",Scott Caraway,"The proposed project consists of paving an existing county-maintained dirt roadway to improve the overall safety, reliability, and efficiency of the county’s transportation network. The roadway currently serves local residents, school bus traffic, emergency service providers, and other daily users; however, its unpaved condition creates ongoing maintenance challenges, reduced travel reliability, and hazardous driving conditions during periods of heavy rainfall and dry weather. The project will include roadway grading and shaping, installation or improvement of drainage infrastructure as needed, placement of a stabilized base course, and construction of an asphalt pavement surface. Associated work may also include shoulder improvements, traffic control devices, roadway striping, and erosion control measures necessary to provide a durable and safe transportation corridor. Paving this roadway will provide significant long-term benefits to the county and the traveling public. The project will improve vehicle safety by reducing loose aggregate, wash-boarding, rutting, dust generation, and muddy conditions that are commonly associated with dirt roads. The improved surface will enhance traction and visibility while reducing the likelihood of accidents and roadway failures during adverse weather conditions. The project will also improve emergency response access and reliability for law enforcement, fire rescue, and medical personnel by providing a dependable all-weather route. School bus operations and daily commuting conditions for residents will be improved through smoother travel surfaces, reduced vehicle wear and tear, and shorter travel times.
From an operational standpoint, paving the roadway will reduce the county’s recurring maintenance costs associated with grading, reshaping, dust suppression, and storm-related repairs that are routinely required on unpaved roads. The paved surface will provide a longer-lasting transportation asset that can be maintained more efficiently and economically over time. In addition, the project will support continued growth and economic development within the county by improving connectivity between residential areas, agricultural properties, local businesses, and other public infrastructure. The upgraded roadway will strengthen the county transportation system by providing safer and more dependable access for residents and visitors while enhancing the overall quality of life for the surrounding community.",Construction,Programmed,None,TBD,,,,,,$0,$0,$0,$0,$0,,,8/31/2026,,,$0,$0,$0,,"$55,500"
Meteyard Lane (Dirt to Pave),Public Works,10585,District 3,,Transportation Fund,Transportation & Public Works,,,"$55,500 is listed for construction; no start date found.",Scott Caraway,"The proposed project consists of paving an existing county-maintained dirt roadway to improve the overall safety, reliability, and efficiency of the county’s transportation network. The roadway currently serves local residents, school bus traffic, emergency service providers, and other daily users; however, its unpaved condition creates ongoing maintenance challenges, reduced travel reliability, and hazardous driving conditions during periods of heavy rainfall and dry weather. The project will include roadway grading and shaping, installation or improvement of drainage infrastructure as needed, placement of a stabilized base course, and construction of an asphalt pavement surface. Associated work may also include shoulder improvements, traffic control devices, roadway striping, and erosion control measures necessary to provide a durable and safe transportation corridor. Paving this roadway will provide significant long-term benefits to the county and the traveling public. The project will improve vehicle safety by reducing loose aggregate, wash-boarding, rutting, dust generation, and muddy conditions that are commonly associated with dirt roads. The improved surface will enhance traction and visibility while reducing the likelihood of accidents and roadway failures during adverse weather conditions. The project will also improve emergency response access and reliability for law enforcement, fire rescue, and medical personnel by providing a dependable all-weather route. School bus operations and daily commuting conditions for residents will be improved through smoother travel surfaces, reduced vehicle wear and tear, and shorter travel times.
From an operational standpoint, paving the roadway will reduce the county’s recurring maintenance costs associated with grading, reshaping, dust suppression, and storm-related repairs that are routinely required on unpaved roads. The paved surface will provide a longer-lasting transportation asset that can be maintained more efficiently and economically over time. In addition, the project will support continued growth and economic development within the county by improving connectivity between residential areas, agricultural properties, local businesses, and other public infrastructure. The upgraded roadway will strengthen the county transportation system by providing safer and more dependable access for residents and visitors while enhancing the overall quality of life for the surrounding community.",Construction,Programmed,None,TBD,,,,,,$0,$0,$0,$0,$0,,,8/31/2026,,,$0,$0,$0,,"$55,500"
N. Raphael Road Paving (Resurfacing),Public Works,553000,District 3,,Transportation Fund,Transportation & Public Works,,,"The approved plan assigns $88,500 in Public Works maintenance funding, but it is not on the active-project table.",Scott Caraway,"Overlaying the existing asphalt roadway surface will preserve and extend the service life of the County’s transportation infrastructure while improving overall roadway conditions for the traveling public. The project will consist of resurfacing the existing asphalt pavement to address surface deterioration, rutting, cracking, and other deficiencies caused by age, weather, and continuous traffic loading. The proposed asphalt overlay will restore a smooth and structurally sound driving surface, improving ride quality and enhancing roadway safety for motorists, school buses, emergency response vehicles, and commercial traffic. By correcting surface defects and sealing the existing pavement, the project will also reduce water infiltration into the roadway base, helping to prevent accelerated pavement failure and reducing long-term maintenance costs for the County.

In addition to improving safety and drivability, the project will support the County’s ongoing efforts to preserve public infrastructure assets in a cost-effective manner. Timely resurfacing extends the useful life of existing roadways and delays the need for more extensive and expensive reconstruction projects in the future. The improved roadway conditions will also reduce wear and tear on vehicles, enhance drainage performance, and improve overall transportation efficiency within the County.",Construction,Programmed,None,TBD,,,,,,$0,$0,$0,$0,$0,,,8/31/2026,,,$0,$0,$0,,"$88,500"
Grant Nellie Drive Connector Road,Engineering,10288,District 5,January 2027,Grant Funded,,,,Limited NTP issued due to ACOE permitting requirements.,Jim Harman,"The Nellie Drive Connector Road project will extend Nellie Drive approximately one mile from Chat Holley Road to U.S. Highway 98 near the existing traffic signal east of Publix in Santa Rosa Beach. The project will provide an additional north-south connection between U.S. 98 and Chat Holley Road, improving roadway connectivity, emergency access, and access to future development on County-owned property. Improvements include a multi-use pedestrian path, stormwater conveyance and management facilities, and related roadway infrastructure.",Construction,In Progress,None,04/2026,,,,,,$0,$0,$0,$0,$0,,"Construction was awarded to Gulf Coast Utility Contractors, LLC for $7,577,111.55 on February 26, 2026.",9/2/2026,,,$0,$0,$0,https://youtu.be/S02M8bHhJfY?si=z_TBEwlhW4Opy7yL,"$9,200,000"
"Open Gulf, Norwood and Sandtrap Rd Drainage Improvements",Public Works,10589,District 4,,Capital Projects Fund,,,,"The county lists the project under substantially-complete design efforts. The plan assigns $500,000 in FY2026 for materials-only, in-house construction.",Scott Caraway,Drainage improvement project to alleviate flooding issues.,Construction,Programmed,None,TBD,,,,,,$0,$0,$0,$0,$0,,,8/31/2026,,,$0,$0,$0,,"$500,000"
Rembrandt Circle Paving (Resurfacing),Public Works,553000,District 3,,Transportation Fund,,,,"$43,500 is assigned through Public Works maintenance; no start date found.",Scott Caraway,"Overlaying the existing asphalt roadway surface will preserve and extend the service life of the County’s transportation infrastructure while improving overall roadway conditions for the traveling public. The project will consist of resurfacing the existing asphalt pavement to address surface deterioration, rutting, cracking, and other deficiencies caused by age, weather, and continuous traffic loading. The proposed asphalt overlay will restore a smooth and structurally sound driving surface, improving ride quality and enhancing roadway safety for motorists, school buses, emergency response vehicles, and commercial traffic. By correcting surface defects and sealing the existing pavement, the project will also reduce water infiltration into the roadway base, helping to prevent accelerated pavement failure and reducing long-term maintenance costs for the County.

In addition to improving safety and drivability, the project will support the County’s ongoing efforts to preserve public infrastructure assets in a cost-effective manner. Timely resurfacing extends the useful life of existing roadways and delays the need for more extensive and expensive reconstruction projects in the future. The improved roadway conditions will also reduce wear and tear on vehicles, enhance drainage performance, and improve overall transportation efficiency within the County.",Construction,Programmed,None,TBD,,,,,,$0,$0,$0,$0,$0,,,8/31/2026,,,$0,$0,$0,,"$43,500"
Senior Center District 5,Public Works,10645,District 5,,Capital Projects Fund,Transportation & Public Works,,,"General fund - $2,573,038
Rec Plat Fee fund - $1,000,000
Capital fund - $1,426,962",,"The South Walton Community and Senior Center project will provide a dedicated facility at the South Walton Annex Complex to serve the growing senior population and broader community in South Walton. The facility is planned to provide flexible space for senior programs, community activities, meetings, recreation, and other public services. The project will expand access to programs and gathering space while creating a centrally located County facility designed to meet the long-term needs of South Walton residents.",Design,In Progress,None,May 2026,,,,,,$0,$0,$0,$0,$0,,,9/1/2026,,,$0,$0,$0,,"$5,000,000"
W. Renoir Road Paving (Dirt to Pave),Public Works,10560,District 3,,Transportation Fund,,,,"$67,500 is listed for construction through Public Works capital; no start date found.",Scott Caraway,Paving of an existing County maintained roadway.,Construction,Programmed,None,TBD,,,,,,$0,$0,$0,$0,$0,,,8/31/2026,,,$0,$0,$0,,"$67,500"
Grant & St. Joe Match West Bay Parkway,Engineering,10634,District 5,,Grant Funded,,,,,,"The West Bay Parkway project will provide a new regional roadway connection extending from U.S. Highway 98 in Walton County toward the Bay County line and ultimately connecting to State Road 79. The project is intended to improve regional connectivity, provide an additional hurricane evacuation route for South Walton, improve access to the Northwest Florida Beaches International Airport, and help accommodate future transportation demand. The current Walton County project includes final design of a new two-lane roadway with a shared-use path from the Florida Power & Light right-of-way to the Bay County line, along with preliminary engineering for a new bridge over the Gulf Intracoastal Waterway. The corridor is being planned to accommodate future expansion to four lanes.",Design,In Progress,None,09/2026,,,,,,$0,$0,$0,$0,$0,,NTP is start date.,9/1/2026,,,$0,$0,$0,,"$5,000,000"
Country Boulevard (Dirt to Pave),Public Works,553000,District 3,,Transportation Fund,,,,,Scott Caraway,"The proposed project consists of paving an existing county-maintained dirt roadway to improve the overall safety, reliability, and efficiency of the county’s transportation network. The roadway currently serves local residents, school bus traffic, emergency service providers, and other daily users; however, its unpaved condition creates ongoing maintenance challenges, reduced travel reliability, and hazardous driving conditions during periods of heavy rainfall and dry weather. The project will include roadway grading and shaping, installation or improvement of drainage infrastructure as needed, placement of a stabilized base course, and construction of an asphalt pavement surface. Associated work may also include shoulder improvements, traffic control devices, roadway striping, and erosion control measures necessary to provide a durable and safe transportation corridor. Paving this roadway will provide significant long-term benefits to the county and the traveling public. The project will improve vehicle safety by reducing loose aggregate, wash-boarding, rutting, dust generation, and muddy conditions that are commonly associated with dirt roads. The improved surface will enhance traction and visibility while reducing the likelihood of accidents and roadway failures during adverse weather conditions. The project will also improve emergency response access and reliability for law enforcement, fire rescue, and medical personnel by providing a dependable all-weather route. School bus operations and daily commuting conditions for residents will be improved through smoother travel surfaces, reduced vehicle wear and tear, and shorter travel times.
From an operational standpoint, paving the roadway will reduce the county’s recurring maintenance costs associated with grading, reshaping, dust suppression, and storm-related repairs that are routinely required on unpaved roads. The paved surface will provide a longer-lasting transportation asset that can be maintained more efficiently and economically over time. In addition, the project will support continued growth and economic development within the county by improving connectivity between residential areas, agricultural properties, local businesses, and other public infrastructure. The upgraded roadway will strengthen the county transportation system by providing safer and more dependable access for residents and visitors while enhancing the overall quality of life for the surrounding community.",Construction,Programmed,None,TBD,,,,,,$0,$0,$0,$0,$0,,,8/31/2026,,,$0,$0,"$24,000",,$0
Grant CR 393 N Roadway & Pedestrian Improvements Phase I,Engineering,10220,District 5,June 2026,Grant Funded,Grant Funded,,,,Jim Harman,"The CR 393 North Roadway and Pedestrian Improvements project provides roadway and pedestrian infrastructure improvements along CR 393 North in Santa Rosa Beach. The project is intended to improve safety, mobility, and pedestrian connectivity along this important north-south corridor. Improvements include roadway enhancements and pedestrian facilities designed to provide safer travel for motorists, bicyclists, and pedestrians while improving connectivity between the U.S. 98 and Chat Holley Road area.",Construction,In Progress,None,July 2025,,,,,,$0,$0,$0,$0,$0,,,9/1/2026,,,$0,$0,"$2,494,330",,$0
E. Mossyhead Main Street (Resurfacing),Public Works,553000,District 3,October 2025,Transportation Fund,,,,,Scott Caraway,"Overlaying the existing asphalt roadway surface will preserve and extend the service life of the County’s transportation infrastructure while improving overall roadway conditions for the traveling public. The project will consist of resurfacing the existing asphalt pavement to address surface deterioration, rutting, cracking, and other deficiencies caused by age, weather, and continuous traffic loading. The proposed asphalt overlay will restore a smooth and structurally sound driving surface, improving ride quality and enhancing roadway safety for motorists, school buses, emergency response vehicles, and commercial traffic. By correcting surface defects and sealing the existing pavement, the project will also reduce water infiltration into the roadway base, helping to prevent accelerated pavement failure and reducing long-term maintenance costs for the County.

In addition to improving safety and drivability, the project will support the County’s ongoing efforts to preserve public infrastructure assets in a cost-effective manner. Timely resurfacing extends the useful life of existing roadways and delays the need for more extensive and expensive reconstruction projects in the future. The improved roadway conditions will also reduce wear and tear on vehicles, enhance drainage performance, and improve overall transportation efficiency within the County.",Construction,Complete,None,October 2025,,,,,,$0,$0,$0,$0,$0,,,8/31/2026,,,$0,$0,"$37,500",,$0
Josephene Street Paving,Public Works,553000,District 2,,Transportation Fund,,,,,Scott Caraway,"Overlaying the existing asphalt roadway surface will preserve and extend the service life of the County’s transportation infrastructure while improving overall roadway conditions for the traveling public. The project will consist of resurfacing the existing asphalt pavement to address surface deterioration, rutting, cracking, and other deficiencies caused by age, weather, and continuous traffic loading. The proposed asphalt overlay will restore a smooth and structurally sound driving surface, improving ride quality and enhancing roadway safety for motorists, school buses, emergency response vehicles, and commercial traffic. By correcting surface defects and sealing the existing pavement, the project will also reduce water infiltration into the roadway base, helping to prevent accelerated pavement failure and reducing long-term maintenance costs for the County.

In addition to improving safety and drivability, the project will support the County’s ongoing efforts to preserve public infrastructure assets in a cost-effective manner. Timely resurfacing extends the useful life of existing roadways and delays the need for more extensive and expensive reconstruction projects in the future. The improved roadway conditions will also reduce wear and tear on vehicles, enhance drainage performance, and improve overall transportation efficiency within the County.",Construction,Programmed,None,TBD,,,,,,$0,$0,$0,$0,$0,,,8/31/2026,,,$0,$0,"$92,500",,$0
Moll Drive & US 98 Signalization Improvements,Engineering,10480,District 4,03/2026,Transportation Fund,,,,"April 14, 2026, BCC approved Change Order No. 2 for $2,880, described as the final reconciliation change order for a bore that was not included in the original plans.",Jim Harman,"The Moll Drive and U.S. Highway 98 Signalization Improvements project provides new traffic signals at the intersections of U.S. 98 with Moll Drive and Church Street in Santa Rosa Beach. The project is designed to improve intersection safety, traffic operations, and access along the U.S. 98 corridor by providing controlled movements for vehicles entering and exiting the surrounding neighborhoods and businesses. Improvements include new signal equipment, mast arms, pavement markings, signage, and other associated intersection improvements.",Construction,Complete,None,February 2025,,,,,,$0,$0,$0,$0,$0,,,8/31/2026,,,$0,$0,"$818,639",,$0
Grant CR 1883 Improvements Projects Ph I,Engineering,10363,District 2,April 2026,Grant Funded,Grant Funded,,,,Jim Harman,"Design: Chipola Engineering Group, Inc.
Design Task Order: 23-13
Design Cost: $478,207.00 Walton County
CEI: Halff Associates, Inc.
CEI Task Order: 25-08
CEI Cost: $374,381.10 Walton County
Contractor: Southeast Construction Co., LLC
Construction Contract: 25-16
Original Construction Cost: $2,650,557.72 Walton County
Change Order No. 1: −$32,066.22 and +21 calendar days Walton County
Current Construction Cost: $2,618,491.50
Combined Design + CEI + Current Construction: $3,471,079.60
FDOT FPN: 448615-1-54-01",Construction,Complete,None,September 2025,,,,,,$0,$0,$0,$0,$0,,,8/31/2026,,,$0,$0,"$3,471,080",,$0
W Mossyhead Main Street (Resurfacing),Public Works,553000,District 3,October 2025,Transportation Fund,,,,,Scott Caraway,"Overlaying the existing asphalt roadway surface will preserve and extend the service life of the County’s transportation infrastructure while improving overall roadway conditions for the traveling public. The project will consist of resurfacing the existing asphalt pavement to address surface deterioration, rutting, cracking, and other deficiencies caused by age, weather, and continuous traffic loading. The proposed asphalt overlay will restore a smooth and structurally sound driving surface, improving ride quality and enhancing roadway safety for motorists, school buses, emergency response vehicles, and commercial traffic. By correcting surface defects and sealing the existing pavement, the project will also reduce water infiltration into the roadway base, helping to prevent accelerated pavement failure and reducing long-term maintenance costs for the County.

In addition to improving safety and drivability, the project will support the County’s ongoing efforts to preserve public infrastructure assets in a cost-effective manner. Timely resurfacing extends the useful life of existing roadways and delays the need for more extensive and expensive reconstruction projects in the future. The improved roadway conditions will also reduce wear and tear on vehicles, enhance drainage performance, and improve overall transportation efficiency within the County.",Construction,Complete,None,October 2025,,,,,,$0,$0,$0,$0,$0,,,8/31/2026,,,$0,$0,"$58,500",,$0
Royal Palm Avenue (Dirt to Pave),Public Works,10481,District 3,,Transportation Fund,,,,"Appeared in an older capital plan at the same $147,000 amount.",Scott Caraway,"The proposed project consists of paving an existing county-maintained dirt roadway to improve the overall safety, reliability, and efficiency of the county’s transportation network. The roadway currently serves local residents, school bus traffic, emergency service providers, and other daily users; however, its unpaved condition creates ongoing maintenance challenges, reduced travel reliability, and hazardous driving conditions during periods of heavy rainfall and dry weather. The project will include roadway grading and shaping, installation or improvement of drainage infrastructure as needed, placement of a stabilized base course, and construction of an asphalt pavement surface. Associated work may also include shoulder improvements, traffic control devices, roadway striping, and erosion control measures necessary to provide a durable and safe transportation corridor. Paving this roadway will provide significant long-term benefits to the county and the traveling public. The project will improve vehicle safety by reducing loose aggregate, wash-boarding, rutting, dust generation, and muddy conditions that are commonly associated with dirt roads. The improved surface will enhance traction and visibility while reducing the likelihood of accidents and roadway failures during adverse weather conditions. The project will also improve emergency response access and reliability for law enforcement, fire rescue, and medical personnel by providing a dependable all-weather route. School bus operations and daily commuting conditions for residents will be improved through smoother travel surfaces, reduced vehicle wear and tear, and shorter travel times.
From an operational standpoint, paving the roadway will reduce the county’s recurring maintenance costs associated with grading, reshaping, dust suppression, and storm-related repairs that are routinely required on unpaved roads. The paved surface will provide a longer-lasting transportation asset that can be maintained more efficiently and economically over time. In addition, the project will support continued growth and economic development within the county by improving connectivity between residential areas, agricultural properties, local businesses, and other public infrastructure. The upgraded roadway will strengthen the county transportation system by providing safer and more dependable access for residents and visitors while enhancing the overall quality of life for the surrounding community.",Construction,Programmed,None,TBD,,,,,,$0,$0,$0,$0,$0,,,8/31/2026,,,$0,$0,"$147,000",,$0
Cypress Avenue (Dirt to Pave),Public Works,10477,District 3,,Transportation Fund,,,,,Scott Caraway,"The proposed project consists of paving an existing county-maintained dirt roadway to improve the overall safety, reliability, and efficiency of the county’s transportation network. The roadway currently serves local residents, school bus traffic, emergency service providers, and other daily users; however, its unpaved condition creates ongoing maintenance challenges, reduced travel reliability, and hazardous driving conditions during periods of heavy rainfall and dry weather. The project will include roadway grading and shaping, installation or improvement of drainage infrastructure as needed, placement of a stabilized base course, and construction of an asphalt pavement surface. Associated work may also include shoulder improvements, traffic control devices, roadway striping, and erosion control measures necessary to provide a durable and safe transportation corridor. Paving this roadway will provide significant long-term benefits to the county and the traveling public. The project will improve vehicle safety by reducing loose aggregate, wash-boarding, rutting, dust generation, and muddy conditions that are commonly associated with dirt roads. The improved surface will enhance traction and visibility while reducing the likelihood of accidents and roadway failures during adverse weather conditions. The project will also improve emergency response access and reliability for law enforcement, fire rescue, and medical personnel by providing a dependable all-weather route. School bus operations and daily commuting conditions for residents will be improved through smoother travel surfaces, reduced vehicle wear and tear, and shorter travel times.
From an operational standpoint, paving the roadway will reduce the county’s recurring maintenance costs associated with grading, reshaping, dust suppression, and storm-related repairs that are routinely required on unpaved roads. The paved surface will provide a longer-lasting transportation asset that can be maintained more efficiently and economically over time. In addition, the project will support continued growth and economic development within the county by improving connectivity between residential areas, agricultural properties, local businesses, and other public infrastructure. The upgraded roadway will strengthen the county transportation system by providing safer and more dependable access for residents and visitors while enhancing the overall quality of life for the surrounding community.",Construction,Programmed,None,TBD,,,,,,$0,$0,$0,$0,$0,,,8/31/2026,,,$0,$0,"$148,500",,$0
Silk Oak Dr (Dirt to Pave),Public Works,553000,District 3,,Transportation Fund,,,,,Scott Caraway,"The proposed project consists of paving an existing county-maintained dirt roadway to improve the overall safety, reliability, and efficiency of the county’s transportation network. The roadway currently serves local residents, school bus traffic, emergency service providers, and other daily users; however, its unpaved condition creates ongoing maintenance challenges, reduced travel reliability, and hazardous driving conditions during periods of heavy rainfall and dry weather. The project will include roadway grading and shaping, installation or improvement of drainage infrastructure as needed, placement of a stabilized base course, and construction of an asphalt pavement surface. Associated work may also include shoulder improvements, traffic control devices, roadway striping, and erosion control measures necessary to provide a durable and safe transportation corridor. Paving this roadway will provide significant long-term benefits to the county and the traveling public. The project will improve vehicle safety by reducing loose aggregate, wash-boarding, rutting, dust generation, and muddy conditions that are commonly associated with dirt roads. The improved surface will enhance traction and visibility while reducing the likelihood of accidents and roadway failures during adverse weather conditions. The project will also improve emergency response access and reliability for law enforcement, fire rescue, and medical personnel by providing a dependable all-weather route. School bus operations and daily commuting conditions for residents will be improved through smoother travel surfaces, reduced vehicle wear and tear, and shorter travel times.
From an operational standpoint, paving the roadway will reduce the county’s recurring maintenance costs associated with grading, reshaping, dust suppression, and storm-related repairs that are routinely required on unpaved roads. The paved surface will provide a longer-lasting transportation asset that can be maintained more efficiently and economically over time. In addition, the project will support continued growth and economic development within the county by improving connectivity between residential areas, agricultural properties, local businesses, and other public infrastructure. The upgraded roadway will strengthen the county transportation system by providing safer and more dependable access for residents and visitors while enhancing the overall quality of life for the surrounding community.",Construction,Programmed,None,TBD,,,,,,$0,$0,$0,$0,$0,,,8/31/2026,,,$0,$0,"$18,000",,$0
Hope Road Paving,Public Works,553000,District 2,,Transportation Fund,,,,,Scott Caraway,"Overlaying the existing asphalt roadway surface will preserve and extend the service life of the County’s transportation infrastructure while improving overall roadway conditions for the traveling public. The project will consist of resurfacing the existing asphalt pavement to address surface deterioration, rutting, cracking, and other deficiencies caused by age, weather, and continuous traffic loading. The proposed asphalt overlay will restore a smooth and structurally sound driving surface, improving ride quality and enhancing roadway safety for motorists, school buses, emergency response vehicles, and commercial traffic. By correcting surface defects and sealing the existing pavement, the project will also reduce water infiltration into the roadway base, helping to prevent accelerated pavement failure and reducing long-term maintenance costs for the County.

In addition to improving safety and drivability, the project will support the County’s ongoing efforts to preserve public infrastructure assets in a cost-effective manner. Timely resurfacing extends the useful life of existing roadways and delays the need for more extensive and expensive reconstruction projects in the future. The improved roadway conditions will also reduce wear and tear on vehicles, enhance drainage performance, and improve overall transportation efficiency within the County.",Construction,Programmed,None,TBD,,,,,,$0,$0,$0,$0,$0,,,8/31/2026,,,$0,$0,"$45,000",,$0
Hermitage Road Paving,Public Works,553000,District 3,,Transportation Fund,Transportation & Public Works,,,,Scott Caraway,"Overlaying the existing asphalt roadway surface will preserve and extend the service life of the County’s transportation infrastructure while improving overall roadway conditions for the traveling public. The project will consist of resurfacing the existing asphalt pavement to address surface deterioration, rutting, cracking, and other deficiencies caused by age, weather, and continuous traffic loading. The proposed asphalt overlay will restore a smooth and structurally sound driving surface, improving ride quality and enhancing roadway safety for motorists, school buses, emergency response vehicles, and commercial traffic. By correcting surface defects and sealing the existing pavement, the project will also reduce water infiltration into the roadway base, helping to prevent accelerated pavement failure and reducing long-term maintenance costs for the County.

In addition to improving safety and drivability, the project will support the County’s ongoing efforts to preserve public infrastructure assets in a cost-effective manner. Timely resurfacing extends the useful life of existing roadways and delays the need for more extensive and expensive reconstruction projects in the future. The improved roadway conditions will also reduce wear and tear on vehicles, enhance drainage performance, and improve overall transportation efficiency within the County.",Construction,Programmed,None,TBD,,,,,,$0,$0,$0,$0,$0,,,8/31/2026,,,$0,$0,"$46,250",,$0
Helen McCall Park Improvements Phase I Parking & Baseball Fields,Engineering,10194,District 4,,Capital Projects Fund,,,,"2/27/24 $3,901,000 (1/2 project) funding approved.
9/10/24 $4,106,272 (1/2 project ) funding approved in FY 24/25 Work Plan.
9/30/25 Updated Architectural Plans received from Dewberry.
1/27/26 - 4/28/26 - Project on hold due to discussion about changing from sod to turf fields.",David Bush,"The Helen McCall Park Improvements Phase I project provides major recreational and site improvements at Helen McCall Park in Santa Rosa Beach. The project focuses on improvements to the park’s parking areas and baseball facilities, enhancing the functionality, safety, and overall quality of the recreational complex. The improvements are intended to better accommodate youth sports, park visitors, and the growing recreational needs of the South Walton community.",Construction,In Progress,None,September 2026,,,,,,$0,$0,$0,$0,$0,,,9/1/2026,,,$0,$0,"$8,929,041",,$0
CR 280A & 280E Box Culvert / Bridge Replacement,Public Works,10468,,,Transportation Fund,,,,"On November 24, 2025, the Walton County BCC approved ENG Task Order 25-13 with HDR, Inc. for $473,382 for professional engineering/design services for:
- CR 280A Bridge at Bruce Creek — Bridge No. 600067
- CR 280E Bridge at Bruce Creek — Bridge No. 600017",Scott Caraway,"The CR 280 Box Culvert / Bridge Replacement project will replace the existing drainage structure along CR 280 in eastern Walton County. The project is intended to address the condition and long-term serviceability of the existing structure while improving drainage conveyance and maintaining a safe and reliable roadway crossing. Improvements include the design and replacement of the existing box culvert/bridge structure, associated roadway reconstruction, drainage improvements, and related safety features.",Design,In Progress,None,12/1/2025,,,,,,$0,$0,$0,$0,$0,,,9/1/2026,,,$0,$0,"$2,570,000",,$0
Juniper Avenue (Dirt to Pave),Public Works,10479,District 3,,Transportation Fund,Transportation & Public Works,,,,Scott Caraway,"The proposed project consists of paving an existing county-maintained dirt roadway to improve the overall safety, reliability, and efficiency of the county’s transportation network. The roadway currently serves local residents, school bus traffic, emergency service providers, and other daily users; however, its unpaved condition creates ongoing maintenance challenges, reduced travel reliability, and hazardous driving conditions during periods of heavy rainfall and dry weather. The project will include roadway grading and shaping, installation or improvement of drainage infrastructure as needed, placement of a stabilized base course, and construction of an asphalt pavement surface. Associated work may also include shoulder improvements, traffic control devices, roadway striping, and erosion control measures necessary to provide a durable and safe transportation corridor. Paving this roadway will provide significant long-term benefits to the county and the traveling public. The project will improve vehicle safety by reducing loose aggregate, wash-boarding, rutting, dust generation, and muddy conditions that are commonly associated with dirt roads. The improved surface will enhance traction and visibility while reducing the likelihood of accidents and roadway failures during adverse weather conditions. The project will also improve emergency response access and reliability for law enforcement, fire rescue, and medical personnel by providing a dependable all-weather route. School bus operations and daily commuting conditions for residents will be improved through smoother travel surfaces, reduced vehicle wear and tear, and shorter travel times.
From an operational standpoint, paving the roadway will reduce the county’s recurring maintenance costs associated with grading, reshaping, dust suppression, and storm-related repairs that are routinely required on unpaved roads. The paved surface will provide a longer-lasting transportation asset that can be maintained more efficiently and economically over time. In addition, the project will support continued growth and economic development within the county by improving connectivity between residential areas, agricultural properties, local businesses, and other public infrastructure. The upgraded roadway will strengthen the county transportation system by providing safer and more dependable access for residents and visitors while enhancing the overall quality of life for the surrounding community.",Construction,Programmed,None,TBD,,,,,,$0,$0,$0,$0,$0,,,8/31/2026,,,$0,$0,"$145,500",,$0
Cannon Drive Resurfacing,Public Works,18313,District 2,08/2025,Transportation Fund,Transportation & Public Works,,,,Scott Caraway,"The Cannon Drive Resurfacing project improved approximately 1.03 miles of Cannon Drive in the Paxton area. The project included resurfacing the existing roadway to improve pavement condition, ride quality, safety, and long-term roadway reliability. The improvements were completed by Walton County Public Works using in-house forces and Public Works Maintenance funding.",Construction,Complete,None,May 2025,,,,,,$0,$0,$0,$0,$0,,,8/31/2026,,,$0,$0,"$132,174",,$0
Cottonwood Boulevard (Dirt to Pave),Public Works,553000,District 3,,Transportation Fund,Transportation & Public Works,,,,Scott Caraway,"The proposed project consists of paving an existing county-maintained dirt roadway to improve the overall safety, reliability, and efficiency of the county’s transportation network. The roadway currently serves local residents, school bus traffic, emergency service providers, and other daily users; however, its unpaved condition creates ongoing maintenance challenges, reduced travel reliability, and hazardous driving conditions during periods of heavy rainfall and dry weather. The project will include roadway grading and shaping, installation or improvement of drainage infrastructure as needed, placement of a stabilized base course, and construction of an asphalt pavement surface. Associated work may also include shoulder improvements, traffic control devices, roadway striping, and erosion control measures necessary to provide a durable and safe transportation corridor. Paving this roadway will provide significant long-term benefits to the county and the traveling public. The project will improve vehicle safety by reducing loose aggregate, wash-boarding, rutting, dust generation, and muddy conditions that are commonly associated with dirt roads. The improved surface will enhance traction and visibility while reducing the likelihood of accidents and roadway failures during adverse weather conditions. The project will also improve emergency response access and reliability for law enforcement, fire rescue, and medical personnel by providing a dependable all-weather route. School bus operations and daily commuting conditions for residents will be improved through smoother travel surfaces, reduced vehicle wear and tear, and shorter travel times.
From an operational standpoint, paving the roadway will reduce the county’s recurring maintenance costs associated with grading, reshaping, dust suppression, and storm-related repairs that are routinely required on unpaved roads. The paved surface will provide a longer-lasting transportation asset that can be maintained more efficiently and economically over time. In addition, the project will support continued growth and economic development within the county by improving connectivity between residential areas, agricultural properties, local businesses, and other public infrastructure. The upgraded roadway will strengthen the county transportation system by providing safer and more dependable access for residents and visitors while enhancing the overall quality of life for the surrounding community.",Construction,Programmed,None,TBD,,,,,,$0,$0,$0,$0,$0,,,8/31/2026,,,$0,$0,"$37,500",,$0
Karli Court Roadway & Drainage Improvements,Public Works,10465,District 3,10/2025,Transportation Fund,Transportation & Public Works,,,"In-House CEI. Amount per County finance system (Org 10116001, Project 10465).",Scott Caraway,"The proposed project consists of paving an existing county-maintained dirt roadway to improve the overall safety, reliability, and efficiency of the county’s transportation network. The roadway currently serves local residents, school bus traffic, emergency service providers, and other daily users; however, its unpaved condition creates ongoing maintenance challenges, reduced travel reliability, and hazardous driving conditions during periods of heavy rainfall and dry weather. The project will include roadway grading and shaping, installation or improvement of drainage infrastructure as needed, placement of a stabilized base course, and construction of an asphalt pavement surface. Associated work may also include shoulder improvements, traffic control devices, roadway striping, and erosion control measures necessary to provide a durable and safe transportation corridor. Paving this roadway will provide significant long-term benefits to the county and the traveling public. The project will improve vehicle safety by reducing loose aggregate, wash-boarding, rutting, dust generation, and muddy conditions that are commonly associated with dirt roads. The improved surface will enhance traction and visibility while reducing the likelihood of accidents and roadway failures during adverse weather conditions. The project will also improve emergency response access and reliability for law enforcement, fire rescue, and medical personnel by providing a dependable all-weather route. School bus operations and daily commuting conditions for residents will be improved through smoother travel surfaces, reduced vehicle wear and tear, and shorter travel times.
From an operational standpoint, paving the roadway will reduce the county’s recurring maintenance costs associated with grading, reshaping, dust suppression, and storm-related repairs that are routinely required on unpaved roads. The paved surface will provide a longer-lasting transportation asset that can be maintained more efficiently and economically over time. In addition, the project will support continued growth and economic development within the county by improving connectivity between residential areas, agricultural properties, local businesses, and other public infrastructure. The upgraded roadway will strengthen the county transportation system by providing safer and more dependable access for residents and visitors while enhancing the overall quality of life for the surrounding community.",Construction,Complete,None,February 2025,,,,,,$0,$0,$0,$0,$0,,,8/31/2026,,,$0,$0,"$162,352",,$0
Mojo Building Renovation,Public Works,10060,District 3,04/2025,Transportation Fund,Transportation & Public Works,,,"$1,359,945 renovation budget.",Dave Sell,Renovation of an existing building into a new Fleet Maintenance facility for Walton County Public Works.,Construction,Complete,None,April 2023,,,,,,$0,$0,$0,$0,$0,,,9/1/2026,,,$0,$0,"$1,359,945",,$0
Paradise Park Improvements (Restrooms),Public Works,,,,,Transportation & Public Works,,,,,,Design,Complete,None,,,,,,,$0,$0,$0,$0,$0,,,8/27/2026,,,$0,$0,$0,,$0
SW Sports Complex Improvements,Public Works,,,,,Transportation & Public Works,,,In-House CEI.,,,Construction,Complete,None,,,,,,,$0,$0,$0,$0,$0,,,,,,$0,$0,$0,,$0
Bay Grove Road Drainage (Pointe Josie Rd to Outfall),Public Works,,District 1,02/2025,,Transportation & Public Works,,,In-House CEI.,Scott Caraway,Drainage improvements along Bay Grove Rd.,Construction,Complete,None,January 2025,,,,,,$0,$0,$0,$0,$0,,,8/31/2026,,,$0,$0,$0,,$0
Beaver Dam Pier,Public Works,,District 3,08/2026,,Transportation & Public Works,,,In-House Design/Permitting.,Scott Caraway,,Design & Construction,Complete,None,July 2026,,,,,,$0,$0,$0,$0,$0,,,8/31/2026,,,$0,$0,$0,,"$34,284"
CR 83 S Resurfacing,Public Works,,District 5,05/2024,,Transportation & Public Works,,,In-House Design/Permitting.,Scott Caraway,"Overlaying the existing asphalt roadway surface will preserve and extend the service life of the County’s transportation infrastructure while improving overall roadway conditions for the traveling public. The project will consist of resurfacing the existing asphalt pavement to address surface deterioration, rutting, cracking, and other deficiencies caused by age, weather, and continuous traffic loading. The proposed asphalt overlay will restore a smooth and structurally sound driving surface, improving ride quality and enhancing roadway safety for motorists, school buses, emergency response vehicles, and commercial traffic. By correcting surface defects and sealing the existing pavement, the project will also reduce water infiltration into the roadway base, helping to prevent accelerated pavement failure and reducing long-term maintenance costs for the County.

In addition to improving safety and drivability, the project will support the County’s ongoing efforts to preserve public infrastructure assets in a cost-effective manner. Timely resurfacing extends the useful life of existing roadways and delays the need for more extensive and expensive reconstruction projects in the future. The improved roadway conditions will also reduce wear and tear on vehicles, enhance drainage performance, and improve overall transportation efficiency within the County.",Design & Construction,Complete,None,April 2024,,,,,,$0,$0,$0,$0,$0,,,8/31/2026,,,$0,$0,$0,,$0
CR 183 S Cross Drain Replacement,Engineering,,District 2,10/2025,Transportation Fund,Transportation & Public Works,,,,Jim Harman,"Design: Kimley-Horn
Design Task Order: 23-03
Design Cost: $149,925
Contractor: RBM Contracting Services, LLC
Construction Contract: 24-46A
Construction Cost: $819,342.60
Combined Design + Construction: $969,267.60",Construction,Complete,None,April 2025,,,,,,$0,$0,$0,$0,$0,,,9/1/2026,,,$0,$0,"$969,268",,$0
CR 283 S Roadway Resurfacing,Public Works,,District 5,February 2025,Transportation Fund,Transportation & Public Works,,,,Scott Caraway,"Overlaying the existing asphalt roadway surface will preserve and extend the service life of the County’s transportation infrastructure while improving overall roadway conditions for the traveling public. The project will consist of resurfacing the existing asphalt pavement to address surface deterioration, rutting, cracking, and other deficiencies caused by age, weather, and continuous traffic loading. The proposed asphalt overlay will restore a smooth and structurally sound driving surface, improving ride quality and enhancing roadway safety for motorists, school buses, emergency response vehicles, and commercial traffic. By correcting surface defects and sealing the existing pavement, the project will also reduce water infiltration into the roadway base, helping to prevent accelerated pavement failure and reducing long-term maintenance costs for the County.

In addition to improving safety and drivability, the project will support the County’s ongoing efforts to preserve public infrastructure assets in a cost-effective manner. Timely resurfacing extends the useful life of existing roadways and delays the need for more extensive and expensive reconstruction projects in the future. The improved roadway conditions will also reduce wear and tear on vehicles, enhance drainage performance, and improve overall transportation efficiency within the County.",Design,Complete,None,November 2024,,,,,,$0,$0,$0,$0,$0,,,8/31/2026,,,$0,$0,$0,,"$275,000"
CR 393 N ERP Permit Extension Package,Public Works,,,January 2025,,Transportation & Public Works,,,In-House Permitting.,,,Permitting,Complete,None,January 2025,,,,,,$0,$0,$0,$0,$0,,,9/1/2026,,,$0,$0,$0,,$0
CR 883 Striping Plan,Public Works,,District 1,07/01/2025,,Transportation & Public Works,,,In-House Design/Permitting and In-House CEI (both phases recorded).,Chance Powell,,Construction,Complete,None,June 2025,,,,,,$0,$0,$0,$0,$0,,,8/31/2026,,,$0,$0,$0,,$0
Ed Walline Parking Lot Modifications/Beach Tram,Engineering,,District 5,December 2025,,Transportation & Public Works,,,Design completed Q4 2025; construction not yet complete.,Chance Powell,Resurfacing and restriping of Ed Walling parking lot for TDC.,Design,Complete,None,January 2025,,,,,,$0,$0,$0,$0,$0,,,9/1/2026,,,$0,$0,$0,,$0
Eastern Lake Rd Drainage Improvements,Public Works,,,,,Transportation & Public Works,,,In-House Design/Permitting and In-House CEI (both phases recorded).,,,Construction,Complete,None,,,,,,,$0,$0,$0,$0,$0,,,,,,$0,$0,$0,,$0
Greenbriar Lane Drainage,Public Works,,,04/01/2025,,Transportation & Public Works,,,In-House Design/Permitting and In-House CEI (both phases recorded).,,,Construction,Complete,None,April 2025,,,,,,$0,$0,$0,$0,$0,,,9/1/2026,,,$0,$0,$0,,$0
Holiday Shores Drianage & Pedestrian Improvements Ph IB,Engineering,10225,District 4,01/01/2026,Transportation Fund,Transportation & Public Works,,,,Charley Cotton,Pedestrian and drainage improvements along Forest Shore Drive.,Construction,Complete,None,January 2025,,,,,,$0,$0,$0,$0,$0,,,8/31/2026,,,$0,$0,"$897,682",,$0
Morrison Springs Entrance Adjustment for Attendant,Public Works,17984,District 2,05/01/2025,Transportation Fund,Transportation & Public Works,,,"In-House Design/Permitting. Up to $25,000.",Scott Caraway,Access road renovation for the addition of an attendant shack.,Construction,Complete,None,March 2025,,,,,March 2025,$0,$0,$0,$0,$0,,,9/1/2026,,,$0,$0,"$21,076",,$0
Parking Area at SR 20 Bridge over Choctawhatchee River,Public Works,,,,,Transportation & Public Works,,,In-House Design/Permitting.,,,Preliminary Engineering,Complete,None,,,,,,,$0,$0,$0,$0,$0,,,,,,$0,$0,$0,,$0
North Walton Multi-Use Trails (Phase 1 20th Street),Public Works,,,05/30/2025,,Grant Funded,,,Grant Funded or Portion Thereof.,,,Construction,Complete,None,,,,,,,$0,$0,$0,$0,$0,,,,,,$0,$0,$0,,$0
South Walton Dog Park Phase 1,Public Works,,District 5,June 2025,,Transportation & Public Works,,,In-House Design/Permitting and In-House CEI (both phases recorded).,Charley Cotton,Park renovations to allow for improved parking and drainage.,Construction,Complete,None,May 2025,,,,,,$0,$0,$0,$0,$0,,,8/31/2026,,,$0,$0,$0,,$0
South Walton Multi-Use Trails (Mack Bayou Rd Phase 1),Public Works,,,12/2025,,Grant Funded,,,Grant Funded or Portion Thereof.,,,Construction,Complete,None,,,,,,,$0,$0,$0,$0,$0,,,,,,$0,$0,$0,,$0
South Walton Sports Complex Shade Structure (Bleachers),Public Works,,,2025,,Transportation & Public Works,,,In-House CEI (FY26).,,,Design & Construction,Complete,None,,,,,,,$0,$0,$0,$0,$0,,,,,,$0,$0,$0,,$0
Teelinville Dam,Public Works,,District 3,September 2025,,Transportation & Public Works,,,"The County's Q4 2023 report lists this as a completed design project. In-House Design/Permitting. Teelinville Dam West is a related component currently under construction, not reflected in this design-only entry.",Charley Cotton,Repair of upper and lower dam at Teelinville.,Construction,Complete,None,April 2024,,,,,,$0,$0,$0,$0,$0,,,8/31/2026,,,$0,$0,$0,,$0
Walton Sports Complex Outdoor Fitness Park,Public Works,,,2025,,Transportation & Public Works,,,In-House Design/Permitting and In-House CEI (both phases recorded).,,,Construction,Complete,None,,,,,,,$0,$0,$0,$0,$0,,,,,,$0,$0,$0,,$0
Choctaw Beach Park Access Improvements/Guardrail Design & Agreement,Public Works,,,10/2025,,Transportation & Public Works,,,In-House Design/Permitting and In-House CEI (both phases recorded).,,,Construction,Complete,None,,,,,,,$0,$0,$0,$0,$0,,,,,,$0,$0,$0,,$0
CR 30A Bike Path Improvements — Grayton Beach (Western Lake to Park Entrance),Public Works,,District 5,2/2026,,Transportation & Public Works,,,In-House Design/Permitting and In-House CEI (both phases recorded).,Charley Cotton,,Construction,Complete,None,October 2025,,,,,,$0,$0,$0,$0,$0,,,9/1/2026,,,$0,$0,$0,,$0
CR 30A Bike Path Improvements — Deer Lake,Public Works,,District 5,2/2026,,Transportation & Public Works,,,In-House Design/Permitting and In-House CEI (both phases recorded).,Charley Cotton,,Construction,Complete,None,October 2025,,,,,,$0,$0,$0,$0,$0,,,9/1/2026,,,$0,$0,$0,,$0
CR 395 S Resurfacing,Public Works,,,,,Transportation & Public Works,,,In-House CEI.,,,Construction,Complete,None,,,,,,,$0,$0,$0,$0,$0,,,,,,$0,$0,$0,,$0
Driftwood Park Path & Basketball Court Rehab,Public Works,,District 4,4/2025,,Transportation & Public Works,,,In-House Design/Permitting and In-House CEI (both phases recorded).,Charley Cotton,Overlay of existing pedestrian path and basketball court.,Construction,Complete,None,January 2025,,,,,,$0,$0,$0,$0,$0,,,9/1/2026,,,$0,$0,$0,,$0
Inlet Beach Pedestrian Tunnel Safety Countermeasures,Engineering,,District 5,January 2026,,Transportation & Public Works,,,Design completed Q4 2025; construction not yet complete.,Chance Powell,Pedestrian safety improvements along the east end of 30A.,Design,Complete,None,January 2026,,,,,,$0,$0,$0,$0,$0,,,9/1/2026,,,$0,$0,$0,,$0
Morrison Springs Boat & Kayak Launch Revisions Site Plan,Public Works,,,,,Transportation & Public Works,,,"Conceptual/Design, In-House Design/Permitting.",,,Preliminary Engineering,Complete,None,,,,,,,$0,$0,$0,$0,$0,,,,,,$0,$0,$0,,$0
Seacrest (Pointe of View Condo) Bike Path & Drainage Improvements,Public Works,,District 5,February 2026,,Transportation & Public Works,,,In-House Design/Permitting and In-House CEI (both phases recorded).,Scott Caraway,Bike path and drainage improvement project.,Construction,Complete,None,January 2026,,,,,,$0,$0,$0,$0,$0,,,8/31/2026,,,$0,$0,$0,,$0
South Walton Annex Shade Structure,Public Works,,,,Capital Projects Fund,Transportation & Public Works,,,"The Board approved purchase/installation for up to $100,000 on 7/22/2025; a completion date has not yet been verified. In-House Design/Permitting and In-House CEI (both phases recorded).",,,Design & Construction,Complete,None,07/22/2025,,,,,,$0,$0,$0,$0,$0,,,8/27/2026,,,$0,$0,$0,,$0
Grant SR 20 & CR 83A W Intersection Signalization,Engineering,,,Summer 2026,Grant Funded,Grant Funded,,,,,"Design: Panhandle Engineering & Construction, Inc. (PECS)
Design Task Order: ENG 24-08 Walton County
Contractor: CWR Contracting, Inc.
Construction Contract: 25-25
Construction Cost: $711,097.73 Walton County
Construction Duration: 180 calendar days
Grant: Florida Defense Infrastructure Grant S0238
Grant Funding: $830,961.00
County Match: $300,000.00
Additional Funding: Private contribution from Altos (formerly Arcadia at Hwy 20)",Construction,Complete,None,Fall 2025,,,,,,$0,$0,$0,$0,$0,,,8/31/2026,,,$0,$0,$0,,"$1,130,961"
Stallworth Lake Cross Drain Rehabilitation,Public Works,,District 4,11/2025,,Transportation & Public Works,,,In-House CEI.,Scott Caraway,Culvert lining and rehab of existing cross drain across Hwy 30A @ Stallworth Lake.,Construction,Complete,None,10/01/2025,,,,,,$0,$0,$0,$0,$0,,,8/31/2026,,,$0,$0,$0,,"$174,630"
Walton Road Traffic Assessment for City of DeFuniak Springs,Public Works,,,,,Transportation & Public Works,,,In-House Design/Permitting.,,,Report/Study,Complete,None,,,,,,,$0,$0,$0,$0,$0,,,,,,$0,$0,$0,,$0
West Park Place Resurfacing,Public Works,,District 5,03/2026,,Transportation & Public Works,,,In-House Design/Permitting and In-House CEI (both phases recorded).,Scott Caraway,"Overlaying the existing asphalt roadway surface will preserve and extend the service life of the County’s transportation infrastructure while improving overall roadway conditions for the traveling public. The project will consist of resurfacing the existing asphalt pavement to address surface deterioration, rutting, cracking, and other deficiencies caused by age, weather, and continuous traffic loading. The proposed asphalt overlay will restore a smooth and structurally sound driving surface, improving ride quality and enhancing roadway safety for motorists, school buses, emergency response vehicles, and commercial traffic. By correcting surface defects and sealing the existing pavement, the project will also reduce water infiltration into the roadway base, helping to prevent accelerated pavement failure and reducing long-term maintenance costs for the County.

In addition to improving safety and drivability, the project will support the County’s ongoing efforts to preserve public infrastructure assets in a cost-effective manner. Timely resurfacing extends the useful life of existing roadways and delays the need for more extensive and expensive reconstruction projects in the future. The improved roadway conditions will also reduce wear and tear on vehicles, enhance drainage performance, and improve overall transportation efficiency within the County.",Construction,Complete,None,02/01/2026,,,,,,$0,$0,$0,$0,$0,,,8/31/2026,,,$0,$0,$0,,$0
Grant Allen Loop Roadway & Drainage Improvements,Engineering,10457,District 4,,Grant Funded,Transportation & Public Works,,,"Due to the unknown timeframe for construction funding being secured through other agencies (RESTORE funds recently received), project permit updates are now underway. ACOE permitting timeframe is unknown.",Engineering Department,"The Allen Loop Roadway and Drainage Improvements project will address recurring stormwater and flooding concerns along Allen Loop in the Dune Allen area of South Walton. The project includes improvements to the existing stormwater pond near Calypso Point, installation of new cross drains, and construction of improved downstream drainage conveyance using swales and piping. These improvements are designed to better manage stormwater runoff, reduce roadway and neighborhood flooding, and improve access and safety during significant rainfall events.",Construction,In Progress,None,TBD,,,,,,$0,$0,$0,$0,$0,,,9/1/2026,,,$0,"$1,599,756",$0,,$0
Carolyn Lane Resurfacing,Public Works,13533,District 5,10/2024,Transportation Fund,Transportation & Public Works,,,"Per the FY24-28 work plan (adopted February 27, 2024): $15,047.92 budgeted for FY2024 construction/CEI, funded by PW Maintenance (In-House; materials only). Complete.",Scott Caraway,"Overlaying the existing asphalt roadway surface will preserve and extend the service life of the County’s transportation infrastructure while improving overall roadway conditions for the traveling public. The project will consist of resurfacing the existing asphalt pavement to address surface deterioration, rutting, cracking, and other deficiencies caused by age, weather, and continuous traffic loading. The proposed asphalt overlay will restore a smooth and structurally sound driving surface, improving ride quality and enhancing roadway safety for motorists, school buses, emergency response vehicles, and commercial traffic. By correcting surface defects and sealing the existing pavement, the project will also reduce water infiltration into the roadway base, helping to prevent accelerated pavement failure and reducing long-term maintenance costs for the County.

In addition to improving safety and drivability, the project will support the County’s ongoing efforts to preserve public infrastructure assets in a cost-effective manner. Timely resurfacing extends the useful life of existing roadways and delays the need for more extensive and expensive reconstruction projects in the future. The improved roadway conditions will also reduce wear and tear on vehicles, enhance drainage performance, and improve overall transportation efficiency within the County.",Construction,Complete,None,September 2024,,,,,,$0,$0,$0,$0,$0,,,8/31/2026,,,$0,"$15,048",$0,,$0
Grant CR 2 Over Long Creek Bridge,Engineering,10128,District 2,09/2024,Grant Funded,Transportation & Public Works,,,,Jim Harman,"Design: DRMP, Inc.
Design Task Order: 22-05
Design Cost: $53,984.63 Walton County
Construction Solicitation: ITB 24-03 Walton County
Original SCOP Grant: $324,596",Design & Construction,Complete,None,May 2024,,,,,,$0,$0,$0,$0,$0,,,9/1/2026,,,$0,"$492,334",$0,,$0
Grant CR 83A Bear Creek Bridge,Public Works,10110,District 1,06/2024,Grant Funded,Transportation & Public Works,,,"Per the FY24-28 work plan (adopted February 27, 2024): $982,230 budgeted for FY2024 construction/CEI, funded by a legislative appropriation, the City of Freeport, and capital funds. Complete.",Jim Harman,Replacement of existing culvert crossing with new bridge.,Construction,Complete,None,July 2023,,,,,,$0,$0,$0,$0,$0,,,9/1/2026,,,$0,"$982,230",$0,,$0
CR 83A W (West Bay Loop) Northbound Right Turn Lane,Public Works,,,08/2026,Transportation Fund,Transportation & Public Works,,,"Per the FY24-28 work plan (adopted February 27, 2024): $30,000 budgeted for FY2024 design and $270,000 for FY2024 construction/CEI (In-House; materials only), both funded by PW Capital. Expanded project completed by August 2026.",,,Design & Construction,Complete,None,,,,,,,$0,$0,$0,$0,$0,,,8/27/2026,,,$0,"$300,000",$0,,$0
Grant Design CR 280 Bob Sikes Roadway Resurfacing Project,Engineering,10367,,,Grant Funded,Transportation & Public Works,,,"The County's current FY2026–2030 Work Plan programs $4,222,841 in FDOT SCOP funding for construction/CEI in FY2027, so this design phase is preparing the project for that future construction.",,"The CR 280 (Bob Sikes Road) Roadway Resurfacing Project includes the design and engineering necessary to improve approximately 6.1 miles of CR 280 from U.S. 331/SR 83 to Harrell Road. The design includes roadway reconstruction and resurfacing, pavement and geometric improvements, shoulder improvements, minor drainage improvements, updated signage and guardrails, and other safety enhancements. The project will prepare CR 280 for future construction while improving the safety, condition, and long-term reliability of this important east-west corridor in north Walton County.",Design,In Progress,None,December 2026,,,,,,$0,$0,$0,$0,$0,,"The Board approved Change Order No. 1 to Contract 23-35 with Chipola Engineering Group, Inc., increasing the design contract by $22,710. May 26, 2026",8/31/2026,,,$0,"$55,261",$0,,$0
CR 283 S Resurfacing,Public Works,17009,District 5,,Transportation Fund,Transportation & Public Works,,,"Per the FY24-28 work plan (adopted February 27, 2024): $261,378.52 budgeted for FY2024 construction/CEI, funded by PW Maintenance (In-House; materials only). Complete.",,"Overlaying the existing asphalt roadway surface will preserve and extend the service life of the County’s transportation infrastructure while improving overall roadway conditions for the traveling public. The project will consist of resurfacing the existing asphalt pavement to address surface deterioration, rutting, cracking, and other deficiencies caused by age, weather, and continuous traffic loading. The proposed asphalt overlay will restore a smooth and structurally sound driving surface, improving ride quality and enhancing roadway safety for motorists, school buses, emergency response vehicles, and commercial traffic. By correcting surface defects and sealing the existing pavement, the project will also reduce water infiltration into the roadway base, helping to prevent accelerated pavement failure and reducing long-term maintenance costs for the County.

In addition to improving safety and drivability, the project will support the County’s ongoing efforts to preserve public infrastructure assets in a cost-effective manner. Timely resurfacing extends the useful life of existing roadways and delays the need for more extensive and expensive reconstruction projects in the future. The improved roadway conditions will also reduce wear and tear on vehicles, enhance drainage performance, and improve overall transportation efficiency within the County.",Construction,Complete,None,,,,,,,$0,$0,$0,$0,$0,,,9/1/2026,,,$0,"$261,379",$0,,$0
CR 395 Roadway & Pedestrian Improvements (US 98 to Bay),Engineering,10217,District 5,03/2027,Capital Projects Fund,Transportation & Public Works,,,,Jim Harman,"The CR 395 North Roadway and Pedestrian Improvements project includes the reconstruction and resurfacing of approximately 7,200 linear feet of CR 395 from U.S. Highway 98 north to the Choctawhatchee Bay in Point Washington. The project includes roadway reconstruction, grading and resurfacing, drainage improvements, and construction of a new 10-foot-wide asphalt multi-use path. Additional improvements include retaining walls where needed, updated signage and pavement markings, and ADA-compliant pedestrian crossings. The project is designed to improve roadway conditions, safety, drainage, and pedestrian and bicycle connectivity along the CR 395 corridor.",Construction,In Progress,None,03/2026,,,,,,$0,$0,$0,$0,$0,,,8/31/2026,,,$0,"$4,199,331",$0,https://www.youtube.com/watch?v=GvbPZPnPOIM&feature=youtu.be,$0
Grant CR 883 (Business 331) Sidewalks Phase I,Public Works,10337,,08/2024,Grant Funded,Transportation & Public Works,,,,,"Project: CR 883 (Business US 331) Freeport Sidewalk – Phase I
FDOT FPN: 444219-2-58-01 & 444219-2-68-01
FDOT Grant Contract: G2M35
Funding: FDOT Safe Routes to School / LAP
Grant Revenue: $1,044,920 Walton County
CEI: DRMP, Inc.
CEI Contract: 23-26
CEI Cost: $93,829.84 Walton County
Contractor: Premier Paving, LLC
Construction Contract: 23-23
Original Construction Cost: $297,614.50 Walton County
Change Order No. 1: +$6,882.90
Change Order No. 2: −$11,123.90 Walton County
Final Construction Cost: $293,373.50
Combined CEI + Final Construction: $387,203.34",Construction,Complete,None,,,,,,,$0,$0,$0,$0,$0,,,8/31/2026,,,$0,"$387,203",$0,,$0
Grant Hewett Bayou Connector (E. Lamb Drive Extension),Public Works,10274,,09/2025,Grant Funded,Transportation & Public Works,,,"Per the FY24-28 work plan (adopted February 27, 2024): $695,095 budgeted for FY2024 design, funded by CIGP. Complete.",,,Design,Complete,None,,,,,,,$0,$0,$0,$0,$0,,,8/27/2026,,,$0,"$695,095",$0,,$0
Huckaba Road Paving,Public Works,15748,District 2,08/2024,Transportation Fund,Transportation & Public Works,,,"Per the FY24-28 work plan (adopted February 27, 2024): $46,818.58 budgeted for FY2024 construction/CEI (In-House; materials only), funded by PW Maintenance. Complete.",Scott Caraway,"Overlaying the existing asphalt roadway surface will preserve and extend the service life of the County’s transportation infrastructure while improving overall roadway conditions for the traveling public. The project will consist of resurfacing the existing asphalt pavement to address surface deterioration, rutting, cracking, and other deficiencies caused by age, weather, and continuous traffic loading. The proposed asphalt overlay will restore a smooth and structurally sound driving surface, improving ride quality and enhancing roadway safety for motorists, school buses, emergency response vehicles, and commercial traffic. By correcting surface defects and sealing the existing pavement, the project will also reduce water infiltration into the roadway base, helping to prevent accelerated pavement failure and reducing long-term maintenance costs for the County.

In addition to improving safety and drivability, the project will support the County’s ongoing efforts to preserve public infrastructure assets in a cost-effective manner. Timely resurfacing extends the useful life of existing roadways and delays the need for more extensive and expensive reconstruction projects in the future. The improved roadway conditions will also reduce wear and tear on vehicles, enhance drainage performance, and improve overall transportation efficiency within the County.",Construction,Complete,None,07/2024,,,,,,$0,$0,$0,$0,$0,,,8/31/2026,,,$0,"$183,489",$0,,$0
Mack Bayou Roadway & Pedestrian Improvements,Public Works,10170,,12/2025,Transportation Fund,Transportation & Public Works,,,"Per the FY24-28 work plan (adopted February 27, 2024): $989,720 budgeted for FY2024 design (Phase 1), funded by PW Capital FY22/23 and a legislative appropriation. Substantial construction complete December 2025.",,,Design & Construction,Complete,None,,,,,,,$0,$0,$0,$0,$0,,,8/27/2026,,,$0,"$989,720",$0,,$0
Mack Bayou/Sandestin Ln Connector Rd,Engineering,10470,District 4,,Transportation Fund,Transportation & Public Works,,,"Hanson Professional Services is performing the survey, design and permitting under ENG 25-03 for $368,214.17, approved March 25, 2025.",Chance Powell,"The Mack Bayou and Sandestin Lane Connector Road project will provide a new roadway connection between the Mack Bayou area and Sandestin Lane in South Walton. The project is intended to improve local roadway connectivity and provide an alternative route for residents traveling between surrounding neighborhoods and commercial areas without requiring trips onto U.S. Highway 98. The new connection will help redistribute local traffic, reduce congestion along U.S. 98 near Mack Bayou Road, and provide additional transportation redundancy within the area. The project is currently in design and includes survey, engineering, permitting, utility coordination, and associated roadway and stormwater improvements.",Design,In Progress,None,March 2025,,,,,,$0,$0,$0,$0,$0,,,9/1/2026,,,$0,"$229,083",$0,,$0
Mathews Road Reconstruction Project,Public Works,18083,District 2,05/2025,Transportation Fund,Transportation & Public Works,,,,Scott Caraway,"Overlaying the existing asphalt roadway surface will preserve and extend the service life of the County’s transportation infrastructure while improving overall roadway conditions for the traveling public. The project will consist of resurfacing the existing asphalt pavement to address surface deterioration, rutting, cracking, and other deficiencies caused by age, weather, and continuous traffic loading. The proposed asphalt overlay will restore a smooth and structurally sound driving surface, improving ride quality and enhancing roadway safety for motorists, school buses, emergency response vehicles, and commercial traffic. By correcting surface defects and sealing the existing pavement, the project will also reduce water infiltration into the roadway base, helping to prevent accelerated pavement failure and reducing long-term maintenance costs for the County.

In addition to improving safety and drivability, the project will support the County’s ongoing efforts to preserve public infrastructure assets in a cost-effective manner. Timely resurfacing extends the useful life of existing roadways and delays the need for more extensive and expensive reconstruction projects in the future. The improved roadway conditions will also reduce wear and tear on vehicles, enhance drainage performance, and improve overall transportation efficiency within the County.",Construction,Complete,None,April 2025,,,,,,$0,$0,$0,$0,$0,,,8/31/2026,,,$0,"$296,582",$0,,$0
Natural Bridge Roadway and Drainage Improvement,Public Works,105745,District 2,08/2024,Transportation Fund,Transportation & Public Works,,,,Scott Caraway,"The proposed project consists of paving an existing county-maintained dirt roadway to improve the overall safety, reliability, and efficiency of the county’s transportation network. The roadway currently serves local residents, school bus traffic, emergency service providers, and other daily users; however, its unpaved condition creates ongoing maintenance challenges, reduced travel reliability, and hazardous driving conditions during periods of heavy rainfall and dry weather. The project will include roadway grading and shaping, installation or improvement of drainage infrastructure as needed, placement of a stabilized base course, and construction of an asphalt pavement surface. Associated work may also include shoulder improvements, traffic control devices, roadway striping, and erosion control measures necessary to provide a durable and safe transportation corridor. Paving this roadway will provide significant long-term benefits to the county and the traveling public. The project will improve vehicle safety by reducing loose aggregate, wash-boarding, rutting, dust generation, and muddy conditions that are commonly associated with dirt roads. The improved surface will enhance traction and visibility while reducing the likelihood of accidents and roadway failures during adverse weather conditions. The project will also improve emergency response access and reliability for law enforcement, fire rescue, and medical personnel by providing a dependable all-weather route. School bus operations and daily commuting conditions for residents will be improved through smoother travel surfaces, reduced vehicle wear and tear, and shorter travel times.

From an operational standpoint, paving the roadway will reduce the county’s recurring maintenance costs associated with grading, reshaping, dust suppression, and storm-related repairs that are routinely required on unpaved roads. The paved surface will provide a longer-lasting transportation asset that can be maintained more efficiently and economically over time. In addition, the project will support continued growth and economic development within the county by improving connectivity between residential areas, agricultural properties, local businesses, and other public infrastructure. The upgraded roadway will strengthen the county transportation system by providing safer and more dependable access for residents and visitors while enhancing the overall quality of life for the surrounding community.",Construction,Complete,None,July 2024,,,,,,$0,$0,$0,$0,$0,,,9/1/2026,,,$0,"$33,802",$0,,$0
Grant North End Multi-Use Trail & Pedestrian Path,Public Works,10289,,05/2025,Grant Funded,Transportation & Public Works,,,,,"Design: Panhandle Engineering & Construction, Inc. (PECS)
Design Task Order: 23-04
Design Cost: $166,180.00
CEI: Atkins
CEI Task Order: ENG 24-05
CEI Cost: $82,325.00
Contractor: Premier Paving, LLC
Construction Contract: 24-40
Original Construction Cost: $357,165.58
Final Construction Cost: $311,026.14
Combined Design + CEI + Final Construction: $559,531.14",Design & Construction,Complete,None,,,,,,,$0,$0,$0,$0,$0,,,8/31/2026,,,$0,"$559,531",$0,,$0
Pisces Drive Resurfacing,Public Works,15010,District 5,10/2024,Transportation Fund,Transportation & Public Works,,,,Scott Caraway,"Overlaying the existing asphalt roadway surface will preserve and extend the service life of the County’s transportation infrastructure while improving overall roadway conditions for the traveling public. The project will consist of resurfacing the existing asphalt pavement to address surface deterioration, rutting, cracking, and other deficiencies caused by age, weather, and continuous traffic loading. The proposed asphalt overlay will restore a smooth and structurally sound driving surface, improving ride quality and enhancing roadway safety for motorists, school buses, emergency response vehicles, and commercial traffic. By correcting surface defects and sealing the existing pavement, the project will also reduce water infiltration into the roadway base, helping to prevent accelerated pavement failure and reducing long-term maintenance costs for the County.

In addition to improving safety and drivability, the project will support the County’s ongoing efforts to preserve public infrastructure assets in a cost-effective manner. Timely resurfacing extends the useful life of existing roadways and delays the need for more extensive and expensive reconstruction projects in the future. The improved roadway conditions will also reduce wear and tear on vehicles, enhance drainage performance, and improve overall transportation efficiency within the County.",Construction,Complete,None,September 2024,,,,,,$0,$0,$0,$0,$0,,,8/31/2026,,,$0,"$60,386",$0,,$0
Renoir Court (Dirt to Pave),Public Works,15638,District 3,07/2024,Transportation Fund,Transportation & Public Works,,,"Per the FY24-28 work plan (adopted February 27, 2024): $20,000 budgeted for FY2024 construction/CEI (In-House; materials only), funded by PW Capital. Complete.",Scott Caraway,"The proposed project consists of paving an existing county-maintained dirt roadway to improve the overall safety, reliability, and efficiency of the county’s transportation network. The roadway currently serves local residents, school bus traffic, emergency service providers, and other daily users; however, its unpaved condition creates ongoing maintenance challenges, reduced travel reliability, and hazardous driving conditions during periods of heavy rainfall and dry weather. The project will include roadway grading and shaping, installation or improvement of drainage infrastructure as needed, placement of a stabilized base course, and construction of an asphalt pavement surface. Associated work may also include shoulder improvements, traffic control devices, roadway striping, and erosion control measures necessary to provide a durable and safe transportation corridor. Paving this roadway will provide significant long-term benefits to the county and the traveling public. The project will improve vehicle safety by reducing loose aggregate, wash-boarding, rutting, dust generation, and muddy conditions that are commonly associated with dirt roads. The improved surface will enhance traction and visibility while reducing the likelihood of accidents and roadway failures during adverse weather conditions. The project will also improve emergency response access and reliability for law enforcement, fire rescue, and medical personnel by providing a dependable all-weather route. School bus operations and daily commuting conditions for residents will be improved through smoother travel surfaces, reduced vehicle wear and tear, and shorter travel times.
From an operational standpoint, paving the roadway will reduce the county’s recurring maintenance costs associated with grading, reshaping, dust suppression, and storm-related repairs that are routinely required on unpaved roads. The paved surface will provide a longer-lasting transportation asset that can be maintained more efficiently and economically over time. In addition, the project will support continued growth and economic development within the county by improving connectivity between residential areas, agricultural properties, local businesses, and other public infrastructure. The upgraded roadway will strengthen the county transportation system by providing safer and more dependable access for residents and visitors while enhancing the overall quality of life for the surrounding community.",Construction,Complete,None,July 2024,,,,,,$0,$0,$0,$0,$0,,,9/1/2026,,,$0,"$10,289",$0,,$0
Grant Rock Hill Rd Improvements (Phase I - US 331 to High Lonesome Rd),Public Works,,,10/2024,Grant Funded,Grant Funded,,,"Per the FY24-28 work plan (adopted February 27, 2024): $4,641,123.10 budgeted for FY2024 design and construction/CEI (Phase I only), funded by FDOT ARPA Funds. Phase I complete.",,,Design & Construction,Complete,None,,,,,,,$0,$0,$0,$0,$0,,,8/27/2026,,,$0,"$4,641,123",$0,,$0
Indian Creek Ranch Road Bridge Replacement,Public Works,10089,,09/2023,Capital Projects Fund,Transportation & Public Works,,,"Per the FY22/23 Walton County Public Works Capital Projects list: $756,534.41 budgeted for FY2023 construction/CEI, outsourced (Bridge# 604004, supplemental funds for construction, 2.06 miles east of US Hwy 331). Complete.",,,Construction,Complete,None,,,,,,,$0,$0,$0,$0,$0,,,8/27/2026,,,"$756,534",$0,$0,,$0
Summer Lake Outfall Phase 1,Public Works,10198,,,Capital Projects Fund,Transportation & Public Works,,,,,,Design,Programmed,None,TBD,,,,,,$0,$0,$0,$0,$0,,Programmed funds to be utilized as match requirement for seeking Resiliency grant funds.,9/1/2026,,,$0,$0,$0,,"$320,000"
East Point Washington Road Connector Phase III,Public Works,10192,District 5,03/2024,Capital Projects Fund,Transportation & Public Works,,,"Per the FY22/23 South Walton County Infrastructure Fund Capital Projects list: $1,431,239.87 budgeted for FY2023 construction, outsourced. Complete.",Jim Harman,Realignment of East Point Washington Road.,Construction,Complete,None,April 2023,,,,,,$0,$0,$0,$0,$0,,,9/1/2026,,,"$1,431,240",$0,$0,,$0
Deer Lake Bridge (Coastal Dune Lake Hydrologic Restoration),Public Works,10230,District 5,03/2024,Capital Projects Fund,Transportation & Public Works,,,"Per the FY22/23 South Walton County Infrastructure Fund Capital Projects list: $337,311.28 budgeted for FY2023 construction (combined construction and CEI), outsourced. Complete.",Jim Harman,Replacement of existing culvert crossing with new concrete bridge.,Construction,Complete,None,October 2023,,,,,,$0,$0,$0,$0,$0,,,9/1/2026,,,"$337,311",$0,$0,,$0
West Heather Ave (Dirt to Pave),Public Works,101402,,06/2023,Transportation Fund,Transportation & Public Works,,,"Per the FY22/23 Walton County Public Works Capital Projects list: $14,075 budgeted for FY2023 construction (In-House), Walden Road to end of maintenance, 0.06 miles. Complete.",,,Construction,Complete,None,,,,,,,$0,$0,$0,$0,$0,,,8/27/2026,,,"$14,075",$0,$0,,$0
Orange Blossom Avenue (Dirt to Pave),Public Works,10306,District 3,,Transportation Fund,Transportation & Public Works,,,,Scott Caraway,"The Orange Blossom Avenue Dirt-to-Pave project will improve the existing unpaved portions of East and West Orange Blossom Avenue from Brookside Drive to the end of County maintenance. The project includes roadway base stabilization, paving, pavement striping, drainage improvements, and sod installation. These improvements will provide a safer and more reliable roadway surface, improve stormwater drainage, and reduce ongoing maintenance needs for residents traveling along the corridor.",Construction,In Progress,None,01/2026,,,,,,$0,$0,$0,$0,$0,,,8/31/2026,,,$0,$0,$0,,"$73,830"
Pointsetta Ave (Dirt to Pave),Public Works,10307,District 3,,Transportation Fund,Transportation & Public Works,,,,Scott Caraway,"The Poinsetta Avenue East and West Dirt-to-Pave project will improve approximately 0.32 miles of existing unpaved roadway from Walden Road to the end of County maintenance. The project includes roadway base stabilization, paving, pavement striping, drainage improvements, and sod installation. These improvements will provide a safer and more reliable roadway surface, improve stormwater drainage, and reduce ongoing maintenance needs along the corridor.",Construction,In Progress,None,03/2026,,,,,,$0,$0,$0,$0,$0,,,8/31/2026,,,$0,$0,$0,,"$69,732"
Oleander Avenue (Dirt to Pave),Public Works,10308,District 3,09/2024,Transportation Fund,Transportation & Public Works,,,"Per the FY22/23 Walton County Public Works Capital Projects list: $82,930.83 budgeted for FY2023 construction (In-House), Brookside Drive to end of maintenance, 0.39 miles. Complete.",Scott Caraway,"The proposed project consists of paving an existing county-maintained dirt roadway to improve the overall safety, reliability, and efficiency of the county’s transportation network. The roadway currently serves local residents, school bus traffic, emergency service providers, and other daily users; however, its unpaved condition creates ongoing maintenance challenges, reduced travel reliability, and hazardous driving conditions during periods of heavy rainfall and dry weather. The project will include roadway grading and shaping, installation or improvement of drainage infrastructure as needed, placement of a stabilized base course, and construction of an asphalt pavement surface. Associated work may also include shoulder improvements, traffic control devices, roadway striping, and erosion control measures necessary to provide a durable and safe transportation corridor. Paving this roadway will provide significant long-term benefits to the county and the traveling public. The project will improve vehicle safety by reducing loose aggregate, wash-boarding, rutting, dust generation, and muddy conditions that are commonly associated with dirt roads. The improved surface will enhance traction and visibility while reducing the likelihood of accidents and roadway failures during adverse weather conditions. The project will also improve emergency response access and reliability for law enforcement, fire rescue, and medical personnel by providing a dependable all-weather route. School bus operations and daily commuting conditions for residents will be improved through smoother travel surfaces, reduced vehicle wear and tear, and shorter travel times.
From an operational standpoint, paving the roadway will reduce the county’s recurring maintenance costs associated with grading, reshaping, dust suppression, and storm-related repairs that are routinely required on unpaved roads. The paved surface will provide a longer-lasting transportation asset that can be maintained more efficiently and economically over time. In addition, the project will support continued growth and economic development within the county by improving connectivity between residential areas, agricultural properties, local businesses, and other public infrastructure. The upgraded roadway will strengthen the county transportation system by providing safer and more dependable access for residents and visitors while enhancing the overall quality of life for the surrounding community.",Construction,Complete,None,03/2024,,,,,,$0,$0,$0,$0,$0,,,8/31/2026,,,"$82,931",$0,$0,,$0
Larkspur Avenue (Dirt to Pave),Public Works,10309,District 3,09/2024,Transportation Fund,Transportation & Public Works,,,"(In-House), Brookside Drive to end of maintenance, 0.52 miles. Complete.",Scott Caraway,"The proposed project consists of paving an existing county-maintained dirt roadway to improve the overall safety, reliability, and efficiency of the county’s transportation network. The roadway currently serves local residents, school bus traffic, emergency service providers, and other daily users; however, its unpaved condition creates ongoing maintenance challenges, reduced travel reliability, and hazardous driving conditions during periods of heavy rainfall and dry weather. The project will include roadway grading and shaping, installation or improvement of drainage infrastructure as needed, placement of a stabilized base course, and construction of an asphalt pavement surface. Associated work may also include shoulder improvements, traffic control devices, roadway striping, and erosion control measures necessary to provide a durable and safe transportation corridor. Paving this roadway will provide significant long-term benefits to the county and the traveling public. The project will improve vehicle safety by reducing loose aggregate, wash-boarding, rutting, dust generation, and muddy conditions that are commonly associated with dirt roads. The improved surface will enhance traction and visibility while reducing the likelihood of accidents and roadway failures during adverse weather conditions. The project will also improve emergency response access and reliability for law enforcement, fire rescue, and medical personnel by providing a dependable all-weather route. School bus operations and daily commuting conditions for residents will be improved through smoother travel surfaces, reduced vehicle wear and tear, and shorter travel times.

From an operational standpoint, paving the roadway will reduce the county’s recurring maintenance costs associated with grading, reshaping, dust suppression, and storm-related repairs that are routinely required on unpaved roads. The paved surface will provide a longer-lasting transportation asset that can be maintained more efficiently and economically over time. In addition, the project will support continued growth and economic development within the county by improving connectivity between residential areas, agricultural properties, local businesses, and other public infrastructure. The upgraded roadway will strengthen the county transportation system by providing safer and more dependable access for residents and visitors while enhancing the overall quality of life for the surrounding community.",Construction,Complete,None,03/2024,,,,,,$0,$0,$0,$0,$0,,,8/31/2026,,,"$92,968",$0,$0,,$0
Harrison Road (Dirt to Pave),Public Works,10310,District 2,04/2025,Transportation Fund,Transportation & Public Works,,,"Per the FY22/23 Walton County Public Works Capital Projects list: $387,875.43 budgeted for FY2023 construction (In-House), end of pavement to Co Hwy 2, 1.59 miles. Complete.",Scott Caraway,"The proposed project consists of paving an existing county-maintained dirt roadway to improve the overall safety, reliability, and efficiency of the county’s transportation network. The roadway currently serves local residents, school bus traffic, emergency service providers, and other daily users; however, its unpaved condition creates ongoing maintenance challenges, reduced travel reliability, and hazardous driving conditions during periods of heavy rainfall and dry weather. The project will include roadway grading and shaping, installation or improvement of drainage infrastructure as needed, placement of a stabilized base course, and construction of an asphalt pavement surface. Associated work may also include shoulder improvements, traffic control devices, roadway striping, and erosion control measures necessary to provide a durable and safe transportation corridor. Paving this roadway will provide significant long-term benefits to the county and the traveling public. The project will improve vehicle safety by reducing loose aggregate, wash-boarding, rutting, dust generation, and muddy conditions that are commonly associated with dirt roads. The improved surface will enhance traction and visibility while reducing the likelihood of accidents and roadway failures during adverse weather conditions. The project will also improve emergency response access and reliability for law enforcement, fire rescue, and medical personnel by providing a dependable all-weather route. School bus operations and daily commuting conditions for residents will be improved through smoother travel surfaces, reduced vehicle wear and tear, and shorter travel times.
From an operational standpoint, paving the roadway will reduce the county’s recurring maintenance costs associated with grading, reshaping, dust suppression, and storm-related repairs that are routinely required on unpaved roads. The paved surface will provide a longer-lasting transportation asset that can be maintained more efficiently and economically over time. In addition, the project will support continued growth and economic development within the county by improving connectivity between residential areas, agricultural properties, local businesses, and other public infrastructure. The upgraded roadway will strengthen the county transportation system by providing safer and more dependable access for residents and visitors while enhancing the overall quality of life for the surrounding community.",Construction,Complete,None,08/2024,,,,,,$0,$0,$0,$0,$0,,,8/31/2026,,,"$387,875",$0,$0,,$0
WC Currington Road (Milled Asphalt Road Improvements),Public Works,12022,,07/2023,Transportation Fund,Transportation & Public Works,,,"Per the FY22/23 Walton County Public Works Capital Projects list: $210,720 budgeted for FY2023 construction (In-House), White Creek Road to CR 183, 2.55 miles. Complete.",,,Construction,Complete,None,,,,,,,$0,$0,$0,$0,$0,,,8/27/2026,,,"$210,720",$0,$0,,$0
McHenry Road (Milled Asphalt Road Improvements),Public Works,100861,,05/2023,Transportation Fund,Transportation & Public Works,,,"Per the FY22/23 Walton County Public Works Capital Projects list: $153,479.18 budgeted for FY2023 construction (In-House), WC Currington Road to CR 183, 1.22 miles. Complete.",,,Construction,Complete,None,,,,,,,$0,$0,$0,$0,$0,,,8/27/2026,,,"$153,479",$0,$0,,$0
Mack Bayou Road Resurfacing,Public Works,,,12/2025,Transportation Fund,Transportation & Public Works,,,"Per the FY22/23 Walton County Public Works Capital Projects list: $489,720 budgeted for FY2023 resurfacing (In-House), Hwy 98 to E&W Harborview Road, 2.24 miles. Substantial construction complete December 2025.",,,Construction,Complete,None,,,,,,,$0,$0,$0,$0,$0,,,8/27/2026,,,"$489,720",$0,$0,,$0
Williams Road Resurfacing,Public Works,19047,District 3,09/2025,Transportation Fund,Transportation & Public Works,,,"(In-House), Hwy 331 to Turkey Creek Pit Road, 2.89 miles. Complete.",Scott Caraway,"Overlaying the existing asphalt roadway surface will preserve and extend the service life of the County’s transportation infrastructure while improving overall roadway conditions for the traveling public. The project will consist of resurfacing the existing asphalt pavement to address surface deterioration, rutting, cracking, and other deficiencies caused by age, weather, and continuous traffic loading. The proposed asphalt overlay will restore a smooth and structurally sound driving surface, improving ride quality and enhancing roadway safety for motorists, school buses, emergency response vehicles, and commercial traffic. By correcting surface defects and sealing the existing pavement, the project will also reduce water infiltration into the roadway base, helping to prevent accelerated pavement failure and reducing long-term maintenance costs for the County.

In addition to improving safety and drivability, the project will support the County’s ongoing efforts to preserve public infrastructure assets in a cost-effective manner. Timely resurfacing extends the useful life of existing roadways and delays the need for more extensive and expensive reconstruction projects in the future. The improved roadway conditions will also reduce wear and tear on vehicles, enhance drainage performance, and improve overall transportation efficiency within the County.",Construction,Complete,None,08/2025,,,,,,$0,$0,$0,$0,$0,,,8/31/2026,,,"$338,786",$0,$0,,$0
Blue Pond Circle Resurfacing,Public Works,12543,,05/2023,Transportation Fund,Transportation & Public Works,,,"In-House), Holmes County Line to end of pavement, 0.77 miles. Complete.",,,Construction,Complete,None,,,,,,,$0,$0,$0,$0,$0,,,8/27/2026,,,"$75,540",$0,$0,,$0
County Highway 83 South Resurfacing,Public Works,,,05/2024,Transportation Fund,Transportation & Public Works,,,"Per the FY22/23 Walton County Public Works Capital Projects list: $435,600 budgeted for FY2023 resurfacing (In-House), CR30A to US Hwy 98, 2.2 miles. Complete.",,,Construction,Complete,None,,,,,,,$0,$0,$0,$0,$0,,,8/27/2026,,,"$435,600",$0,$0,,$0
Adams Street Resurfacing,Public Works,15863,District 2,07/2023,Transportation Fund,Transportation & Public Works,,,"(In-House), Clear Springs Road to CR 147, 1 mile",Scott Caraway,"Overlaying the existing asphalt roadway surface will preserve and extend the service life of the County’s transportation infrastructure while improving overall roadway conditions for the traveling public. The project will consist of resurfacing the existing asphalt pavement to address surface deterioration, rutting, cracking, and other deficiencies caused by age, weather, and continuous traffic loading. The proposed asphalt overlay will restore a smooth and structurally sound driving surface, improving ride quality and enhancing roadway safety for motorists, school buses, emergency response vehicles, and commercial traffic. By correcting surface defects and sealing the existing pavement, the project will also reduce water infiltration into the roadway base, helping to prevent accelerated pavement failure and reducing long-term maintenance costs for the County.

In addition to improving safety and drivability, the project will support the County’s ongoing efforts to preserve public infrastructure assets in a cost-effective manner. Timely resurfacing extends the useful life of existing roadways and delays the need for more extensive and expensive reconstruction projects in the future. The improved roadway conditions will also reduce wear and tear on vehicles, enhance drainage performance, and improve overall transportation efficiency within the County.",Construction,Complete,None,06/2023,,,,,,$0,$0,$0,$0,$0,,,9/1/2026,,,"$155,381",$0,$0,,$0
Primrose Avenue (Dirt to Pave),Public Works,10129,District 3,,Transportation Fund,Transportation & Public Works,,,,Scott Caraway,"The Primrose Avenue Dirt-to-Pave project will improve the existing unpaved roadway by stabilizing the road base and constructing a new paved surface. The project includes paving, pavement striping, sod installation, and associated roadway improvements. The project will provide a safer and more reliable roadway surface while reducing ongoing maintenance needs and improving access for residents along Primrose Avenue.",Construction,In Progress,None,08/2026,,,,,,$0,$0,$0,$0,$0,,,8/31/2026,,,$0,$0,$0,,"$60,643"
Jonquil Avenue (Dirt to Pave),Public Works,10130,District 3,,Transportation Fund,Transportation & Public Works,,,"$62,367 moved from FY2022 to FY2026 for construction, Brookside Drive to end of maintenance, 0.37 miles. Start date TBD.",Scott Caraway,"The proposed project consists of paving an existing county-maintained dirt roadway to improve the overall safety, reliability, and efficiency of the county’s transportation network. The roadway currently serves local residents, school bus traffic, emergency service providers, and other daily users; however, its unpaved condition creates ongoing maintenance challenges, reduced travel reliability, and hazardous driving conditions during periods of heavy rainfall and dry weather. The project will include roadway grading and shaping, installation or improvement of drainage infrastructure as needed, placement of a stabilized base course, and construction of an asphalt pavement surface. Associated work may also include shoulder improvements, traffic control devices, roadway striping, and erosion control measures necessary to provide a durable and safe transportation corridor. Paving this roadway will provide significant long-term benefits to the county and the traveling public. The project will improve vehicle safety by reducing loose aggregate, wash-boarding, rutting, dust generation, and muddy conditions that are commonly associated with dirt roads. The improved surface will enhance traction and visibility while reducing the likelihood of accidents and roadway failures during adverse weather conditions. The project will also improve emergency response access and reliability for law enforcement, fire rescue, and medical personnel by providing a dependable all-weather route. School bus operations and daily commuting conditions for residents will be improved through smoother travel surfaces, reduced vehicle wear and tear, and shorter travel times.
From an operational standpoint, paving the roadway will reduce the county’s recurring maintenance costs associated with grading, reshaping, dust suppression, and storm-related repairs that are routinely required on unpaved roads. The paved surface will provide a longer-lasting transportation asset that can be maintained more efficiently and economically over time. In addition, the project will support continued growth and economic development within the county by improving connectivity between residential areas, agricultural properties, local businesses, and other public infrastructure. The upgraded roadway will strengthen the county transportation system by providing safer and more dependable access for residents and visitors while enhancing the overall quality of life for the surrounding community.",Construction,Programmed,None,TBD,,,,,,$0,$0,$0,$0,$0,,,8/31/2026,,,$0,$0,$0,,"$62,367"
Cornflower Avenue (Dirt to Pave),Public Works,10131,District 3,,Transportation Fund,Transportation & Public Works,,,"$49,602 moved from FY2022 to FY2026 for construction, Brookside Drive to end of maintenance, 0.29 miles. Start date TBD.",Scott Caraway,"The proposed project consists of paving an existing county-maintained dirt roadway to improve the overall safety, reliability, and efficiency of the county’s transportation network. The roadway currently serves local residents, school bus traffic, emergency service providers, and other daily users; however, its unpaved condition creates ongoing maintenance challenges, reduced travel reliability, and hazardous driving conditions during periods of heavy rainfall and dry weather. The project will include roadway grading and shaping, installation or improvement of drainage infrastructure as needed, placement of a stabilized base course, and construction of an asphalt pavement surface. Associated work may also include shoulder improvements, traffic control devices, roadway striping, and erosion control measures necessary to provide a durable and safe transportation corridor. Paving this roadway will provide significant long-term benefits to the county and the traveling public. The project will improve vehicle safety by reducing loose aggregate, wash-boarding, rutting, dust generation, and muddy conditions that are commonly associated with dirt roads. The improved surface will enhance traction and visibility while reducing the likelihood of accidents and roadway failures during adverse weather conditions. The project will also improve emergency response access and reliability for law enforcement, fire rescue, and medical personnel by providing a dependable all-weather route. School bus operations and daily commuting conditions for residents will be improved through smoother travel surfaces, reduced vehicle wear and tear, and shorter travel times.
From an operational standpoint, paving the roadway will reduce the county’s recurring maintenance costs associated with grading, reshaping, dust suppression, and storm-related repairs that are routinely required on unpaved roads. The paved surface will provide a longer-lasting transportation asset that can be maintained more efficiently and economically over time. In addition, the project will support continued growth and economic development within the county by improving connectivity between residential areas, agricultural properties, local businesses, and other public infrastructure. The upgraded roadway will strengthen the county transportation system by providing safer and more dependable access for residents and visitors while enhancing the overall quality of life for the surrounding community.",Construction,Programmed,None,TBD,,,,,,$0,$0,$0,$0,$0,,,8/31/2026,,,$0,$0,$0,,"$49,602"
Hyacinth Avenue (Dirt to Pave),Public Works,10132,District 3,,Transportation Fund,Transportation & Public Works,,,"$57,578 moved from FY2022 to FY2026 for construction, Brookside Drive to end of maintenance, 0.34 miles. Start date TBD.",Scott Caraway,"The proposed project consists of paving an existing county-maintained dirt roadway to improve the overall safety, reliability, and efficiency of the county’s transportation network. The roadway currently serves local residents, school bus traffic, emergency service providers, and other daily users; however, its unpaved condition creates ongoing maintenance challenges, reduced travel reliability, and hazardous driving conditions during periods of heavy rainfall and dry weather. The project will include roadway grading and shaping, installation or improvement of drainage infrastructure as needed, placement of a stabilized base course, and construction of an asphalt pavement surface. Associated work may also include shoulder improvements, traffic control devices, roadway striping, and erosion control measures necessary to provide a durable and safe transportation corridor. Paving this roadway will provide significant long-term benefits to the county and the traveling public. The project will improve vehicle safety by reducing loose aggregate, wash-boarding, rutting, dust generation, and muddy conditions that are commonly associated with dirt roads. The improved surface will enhance traction and visibility while reducing the likelihood of accidents and roadway failures during adverse weather conditions. The project will also improve emergency response access and reliability for law enforcement, fire rescue, and medical personnel by providing a dependable all-weather route. School bus operations and daily commuting conditions for residents will be improved through smoother travel surfaces, reduced vehicle wear and tear, and shorter travel times.
From an operational standpoint, paving the roadway will reduce the county’s recurring maintenance costs associated with grading, reshaping, dust suppression, and storm-related repairs that are routinely required on unpaved roads. The paved surface will provide a longer-lasting transportation asset that can be maintained more efficiently and economically over time. In addition, the project will support continued growth and economic development within the county by improving connectivity between residential areas, agricultural properties, local businesses, and other public infrastructure. The upgraded roadway will strengthen the county transportation system by providing safer and more dependable access for residents and visitors while enhancing the overall quality of life for the surrounding community.",Construction,Programmed,None,TBD,,,,,,$0,$0,$0,$0,$0,,,8/31/2026,,,$0,$0,$0,,"$57,578"
Beaver Dam Road (Dirt to Pave),Public Works,10133,,07/2023,Transportation Fund,Transportation & Public Works,,,"Per the FY 21/22 Walton County Public Works Capital Projects list: $91,556 budgeted for FY2022 construction, Trout Drive to end of maintenance, 0.42 miles.",,,Construction,Complete,None,,,,,,,$0,$0,$0,$0,$0,,,8/27/2026,,,$0,$0,$0,,"$91,556"
Roman Road (Dirt to Pave),Public Works,10134,District 3,10/2023,Transportation Fund,Transportation & Public Works,,,,,"The proposed project consists of paving an existing county-maintained dirt roadway to improve the overall safety, reliability, and efficiency of the county’s transportation network. The roadway currently serves local residents, school bus traffic, emergency service providers, and other daily users; however, its unpaved condition creates ongoing maintenance challenges, reduced travel reliability, and hazardous driving conditions during periods of heavy rainfall and dry weather. The project will include roadway grading and shaping, installation or improvement of drainage infrastructure as needed, placement of a stabilized base course, and construction of an asphalt pavement surface. Associated work may also include shoulder improvements, traffic control devices, roadway striping, and erosion control measures necessary to provide a durable and safe transportation corridor. Paving this roadway will provide significant long-term benefits to the county and the traveling public. The project will improve vehicle safety by reducing loose aggregate, wash-boarding, rutting, dust generation, and muddy conditions that are commonly associated with dirt roads. The improved surface will enhance traction and visibility while reducing the likelihood of accidents and roadway failures during adverse weather conditions. The project will also improve emergency response access and reliability for law enforcement, fire rescue, and medical personnel by providing a dependable all-weather route. School bus operations and daily commuting conditions for residents will be improved through smoother travel surfaces, reduced vehicle wear and tear, and shorter travel times.

From an operational standpoint, paving the roadway will reduce the county’s recurring maintenance costs associated with grading, reshaping, dust suppression, and storm-related repairs that are routinely required on unpaved roads. The paved surface will provide a longer-lasting transportation asset that can be maintained more efficiently and economically over time. In addition, the project will support continued growth and economic development within the county by improving connectivity between residential areas, agricultural properties, local businesses, and other public infrastructure. The upgraded roadway will strengthen the county transportation system by providing safer and more dependable access for residents and visitors while enhancing the overall quality of life for the surrounding community.",Construction,Complete,None,,,,,,,$0,$0,$0,$0,$0,,,9/1/2026,,,$0,$0,$0,,"$104,976"
Waterside Lane (Dirt to Pave),Public Works,101473,District 1,06/2023,Transportation Fund,Transportation & Public Works,,,"Per the FY 21/22 Walton County Public Works Capital Projects list: $31,430.11 budgeted for FY2022 construction, Hwy 331 to end of maintenance, 0.23 miles.",,"The proposed project consists of paving an existing county-maintained dirt roadway to improve the overall safety, reliability, and efficiency of the county’s transportation network. The roadway currently serves local residents, school bus traffic, emergency service providers, and other daily users; however, its unpaved condition creates ongoing maintenance challenges, reduced travel reliability, and hazardous driving conditions during periods of heavy rainfall and dry weather. The project will include roadway grading and shaping, installation or improvement of drainage infrastructure as needed, placement of a stabilized base course, and construction of an asphalt pavement surface. Associated work may also include shoulder improvements, traffic control devices, roadway striping, and erosion control measures necessary to provide a durable and safe transportation corridor. Paving this roadway will provide significant long-term benefits to the county and the traveling public. The project will improve vehicle safety by reducing loose aggregate, wash-boarding, rutting, dust generation, and muddy conditions that are commonly associated with dirt roads. The improved surface will enhance traction and visibility while reducing the likelihood of accidents and roadway failures during adverse weather conditions. The project will also improve emergency response access and reliability for law enforcement, fire rescue, and medical personnel by providing a dependable all-weather route. School bus operations and daily commuting conditions for residents will be improved through smoother travel surfaces, reduced vehicle wear and tear, and shorter travel times.
From an operational standpoint, paving the roadway will reduce the county’s recurring maintenance costs associated with grading, reshaping, dust suppression, and storm-related repairs that are routinely required on unpaved roads. The paved surface will provide a longer-lasting transportation asset that can be maintained more efficiently and economically over time. In addition, the project will support continued growth and economic development within the county by improving connectivity between residential areas, agricultural properties, local businesses, and other public infrastructure. The upgraded roadway will strengthen the county transportation system by providing safer and more dependable access for residents and visitors while enhancing the overall quality of life for the surrounding community.",Construction,Complete,None,June 2023,,,,,,$0,$0,$0,$0,$0,,,9/1/2026,,,$0,$0,$0,,"$31,430"
Old Seagrove Beach Roadway and Stormwater Improvements,Public Works,10136,,05/2023,Transportation Fund,Transportation & Public Works,,,"Per the FY 21/22 Walton County Public Works Capital Projects list: $98,702.10 budgeted for FY2022 design & permitting, north of 30A from Dogwood Street to Gardenia Street.",,,Design,Complete,None,,,,,,,$0,$0,$0,$0,$0,,,8/27/2026,,,$0,$0,$0,,"$98,702"
Chesser Road Bridge,Public Works,10099,,09/2022,Transportation Fund,Transportation & Public Works,,,"Per the FY 21/22 Walton County Public Works Capital Projects list: $333,965 budgeted for FY2022 construction, .67 miles east of Pleasant Ridge Road.",,,Construction,Complete,None,,,,,,,$0,$0,$0,$0,$0,,,8/27/2026,,,$0,$0,$0,,"$333,965"
Aplin Road (Milled Asphalt Road Improvements),Public Works,11175,,03/2023,Transportation Fund,Transportation & Public Works,,,,,"East Tedder Road to Sandy Ramp Road, 2.1 miles.",Construction,Complete,None,,,,,,,$0,$0,$0,$0,$0,,,8/27/2026,,,$0,$0,$0,,"$195,687"
Sandy Ramp Road (Milled Asphalt Road Improvements),Public Works,7882,,03/2023,Transportation Fund,Transportation & Public Works,,,"Per the FY 21/22 Walton County Public Works Capital Projects list: $51,979.50 budgeted for FY2022 construction, CR 0605 to Alabama State Line, 2.87 miles.",,,Construction,Complete,None,,,,,,,$0,$0,$0,$0,$0,,,8/27/2026,,,$0,$0,$0,,"$51,979"
Davis Road (Milled Asphalt Road Improvements),Public Works,11246,,07/2023,Transportation Fund,Transportation & Public Works,,,"Per the FY 21/22 Walton County Public Works Capital Projects list: $194,151.13 budgeted for FY2022 construction, CR 0605 to end of maintenance, 2.36 miles.",,,Construction,Complete,None,,,,,,,$0,$0,$0,$0,$0,,,8/27/2026,,,$0,$0,$0,,"$194,151"
George Montgomery Road (Paving),Public Works,18593,District 2,01/2026,Transportation Fund,Transportation & Public Works,,,"Per the FY 21/22 Walton County Public Works Capital Projects list: $480,237.63 budgeted for FY2022 construction, end of pavement to CR 183S, 1.04 miles.",Scott Caraway,"Overlaying the existing asphalt roadway surface will preserve and extend the service life of the County’s transportation infrastructure while improving overall roadway conditions for the traveling public. The project will consist of resurfacing the existing asphalt pavement to address surface deterioration, rutting, cracking, and other deficiencies caused by age, weather, and continuous traffic loading. The proposed asphalt overlay will restore a smooth and structurally sound driving surface, improving ride quality and enhancing roadway safety for motorists, school buses, emergency response vehicles, and commercial traffic. By correcting surface defects and sealing the existing pavement, the project will also reduce water infiltration into the roadway base, helping to prevent accelerated pavement failure and reducing long-term maintenance costs for the County.

In addition to improving safety and drivability, the project will support the County’s ongoing efforts to preserve public infrastructure assets in a cost-effective manner. Timely resurfacing extends the useful life of existing roadways and delays the need for more extensive and expensive reconstruction projects in the future. The improved roadway conditions will also reduce wear and tear on vehicles, enhance drainage performance, and improve overall transportation efficiency within the County.",Construction,Complete,None,June 2025,,,,,,$0,$0,$0,$0,$0,,,8/31/2026,,,$0,"$480,238",$0,,$0
Sherwood Road (Milled Asphalt Road Improvements),Public Works,7888,,02/2024,Transportation Fund,Transportation & Public Works,,,"Per the FY 21/22 Walton County Public Works Capital Projects list: $80,317.59 budgeted for FY2022 construction, end of pavement to Red Hill Road, 1.77 miles.",,,Construction,Complete,None,,,,,,,$0,$0,$0,$0,$0,,,8/27/2026,,,$0,$0,$0,,"$80,317"
Red Hill Road (Milled Asphalt Road Improvements),Public Works,9964,,10/2022,Transportation Fund,Transportation & Public Works,,,"Per the FY 21/22 Walton County Public Works Capital Projects list: $190,406.59 budgeted for FY2022 construction, end of pavement to Sherwood Road, 2.1 miles.",,,Construction,Complete,None,,,,,,,$0,$0,$0,$0,$0,,,8/27/2026,,,$0,$0,$0,,"$190,406"
Beatrice Point Road (Milled Asphalt Road Improvements),Public Works,8264,,09/2022,Transportation Fund,Transportation & Public Works,,,"Per the FY 21/22 Walton County Public Works Capital Projects list: $46,550.97 budgeted for FY2022 construction, Bayloop Road to end of maintenance, 0.59 miles.",,,Construction,Complete,None,,,,,,,$0,$0,$0,$0,$0,,,8/27/2026,,,$0,$0,$0,,"$465,550"
Red Barn Road (Milled Asphalt Road Improvements),Public Works,8267,,09/2022,Transportation Fund,Transportation & Public Works,,,"Per the FY 21/22 Walton County Public Works Capital Projects list: $39,534.64 budgeted for FY2022 construction, Bayloop Road to end of maintenance, 0.51 miles.",,,Construction,Complete,None,,,,,,,$0,$0,$0,$0,$0,,,8/27/2026,,,$0,$0,$0,,"$39,534"
Strickland Road (Milled Asphalt Road Improvements),Public Works,9804,,09/2022,Transportation Fund,Transportation & Public Works,,,"Per the FY 21/22 Walton County Public Works Capital Projects list: $37,623.84 budgeted for FY2022 construction, Bob Sikes to end of maintenance, 0.4 miles.",,,Construction,Complete,None,,,,,,,$0,$0,$0,$0,$0,,,8/27/2026,,,$0,$0,$0,,"$37,623"
Henderson Drive (Milled Asphalt Road Improvements),Public Works,9788,,09/2022,Transportation Fund,Transportation & Public Works,,,"Per the FY 21/22 Walton County Public Works Capital Projects list: $26,549.09 budgeted for FY2022 construction, Bob Sikes to end of maintenance, 0.24 miles.",,,Construction,Complete,None,,,,,,,$0,$0,$0,$0,$0,,,8/27/2026,,,$0,$0,$0,,"$26,549"
Alma Road (Milled Asphalt Road Improvements),Public Works,7695,,09/2022,Transportation Fund,Transportation & Public Works,,,,,,Construction,Complete,None,,,,,,,$0,$0,$0,$0,$0,,,8/27/2026,,,$0,$0,$0,,"$62,308"
Thad Bell Road PH1 (Milled Asphalt Road Improvements),Public Works,101330,,10/2022,Transportation Fund,Transportation & Public Works,,,"Per the FY 21/22 Walton County Public Works Capital Projects list: $105,725.13 budgeted for FY2022 construction, Hwy 83 approximately 2.0 miles to the west, 2 miles.",,,Construction,Complete,None,,,,,,,$0,$0,$0,$0,$0,,,8/27/2026,,,$0,$0,$0,,"$105,725"
Happy Hollow Road Resurfacing,Public Works,7549,,09/2022,Transportation Fund,Transportation & Public Works,,,"Per the FY 21/22 Walton County Public Works Capital Projects list: $57,492.51 budgeted for FY2022 resurfacing, Hwy 3280 to Creekview Avenue, 0.38 miles.",,,Construction,Complete,None,,,,,,,$0,$0,$0,$0,$0,,,8/27/2026,,,$0,$0,$0,,"$57,492"
Creekview Avenue Resurfacing,Public Works,7558,,09/2022,Transportation Fund,Transportation & Public Works,,,"Per the FY 21/22 Walton County Public Works Capital Projects list: $31,214.06 budgeted for FY2022 resurfacing, Happy Hollow Road to end of maintenance, 0.2 miles.",,,Construction,Complete,None,,,,,,,$0,$0,$0,$0,$0,,,8/27/2026,,,$0,$0,$0,,"$31,214"
Peach Creek Pedestrian Improvements,Public Works,10137,,01/2023,Transportation Fund,Transportation & Public Works,,,"Per the FY 21/22 Walton County Public Works Capital Projects list: $71,079.20 budgeted for FY2022 sidewalks, Old Ferry Road and Coochee Road.",,,Construction,Complete,None,,,,,,,$0,$0,$0,$0,$0,,,8/27/2026,,,$0,$0,$0,,"$71,079"
Holiday Shores Drainage & Pedestrian Improvements PH II,Public Works,10225,,2027,Transportation Fund,Transportation & Public Works,,,,,,Design,Complete,None,,,,,,,$0,$0,$0,$0,$0,,,8/31/2026,,,$0,$0,$0,,"$200,000"
Helen McCall Park Parking Lot Expansion,Public Works,10241,,09/2022,Capital Projects Fund,Transportation & Public Works,,,"Per the Fiscal Year 21/22 South Walton TIF Capital Projects list: $107,425 budgeted for FY2022 design & engineering.",,,Design,Complete,None,,,,,,,$0,$0,$0,$0,$0,,,8/27/2026,,,$0,$0,$0,,"$107,425"
CR 283 North Multi Use Path,Public Works,10090,,05/2022,Transportation Fund,Transportation & Public Works,,,"RBM Contracting Services was awarded Contract 021-025 for $525,094.26 on 10/26/2021 for FY2022 construction (combined construction and CEI).",,,Construction,Complete,None,,,,,,,$0,$0,$0,$0,$0,,,8/27/2026,,,$0,$0,$0,,"$525,095"
North Spooky Lane Roadway & Drainage Improvements,Public Works,10242,,09/2023,Transportation Fund,Transportation & Public Works,,,"Per the Fiscal Year 21/22 South Walton TIF Capital Projects list: $248,687 budgeted for FY2022 construction (combined construction and CEI).",,,Construction,Complete,None,,,,,,,$0,$0,$0,$0,$0,,,8/27/2026,,,$0,$0,$0,,"$248,687"
Holiday Shores Drainage & Pedestrian Improvements PH IA,Engineering,,,2025,Capital Projects Fund,Transportation & Public Works,,,"Component	Amount
RBM Contract 24-05 – Original Construction	$1,451,788.00
Halff PW 24-03 – CEI	$117,595.50
Change Order #1	$148,320.00
Change Order #2 – Final	$17,155.00
Total	$1,734,858.50",,,Construction,Complete,None,,,,,,,$0,$0,$0,$0,$0,,,8/31/2026,,,$0,$0,$0,,"$1,734,859"
San Juan Avenue Cross Drain Upgrade,Engineering,10243,,12/2022,Capital Projects Fund,Transportation & Public Works,,,,,"Phase: Complete
Completion: December 6, 2022
Design: Atkins — Task Order 16-07
Design Cost: $179,351
CEI: Atkins — Task Order 22-01
CEI Cost: $64,350
Contractor: RBM Contracting Services, LLC
Construction Contract: 22-008
Final Construction Cost: $800,364.46
Design + CEI + Construction: $1,044,065.46",Construction,Complete,None,,,,,,,$0,$0,$0,$0,$0,,,8/31/2026,,,$0,$0,$0,,"$1,044,065"
Pavement Condition Index Study,Public Works,10138,,01/2026,Transportation Fund,Transportation & Public Works,,,"Per the County's FY2026 Transportation Fund Projects general ledger (Org 10116001, Object 531000, Project 10138): $270,636.65 FY2026 revised budget. Complete.",,,Report/Study,Complete,None,,,10116001,,,,$0,$0,$0,$0,$0,,,8/27/2026,,,$0,$0,$0,,"$270,637"
Fleet Building Repairs,Public Works,10663,District 3,,Transportation Fund,Transportation & Public Works,,,"Per the County's FY2026 Transportation Fund Projects general ledger (Org 10116001, Object 562000, Project 10663): $69,263.27 FY2026 revised budget. Not previously listed on this ledger — flagged for review.",Justin Missildine,,Construction,Complete,None,08/2025,,10116001,,,,$0,$0,$0,$0,$0,,,9/1/2026,,,$0,$0,$0,,"$69,263"
Northwest Commerce Crossing,Public Works,10696,,,Transportation Fund,Transportation & Public Works,,,"Engineer: Gortemoller Engineering, Inc.
Contract: 26-09
Design Amount: $468,469.62
BCC Contract Approval: May 12, 2026",,"The Northwest Florida Commerce Park at Woodlawn is a planned industrial and employment center located along U.S. Highway 331 in central Walton County, approximately three miles south of Interstate 10. The approximately 253-acre development is intended to support economic development by providing sites and infrastructure for manufacturing, distribution, logistics, and other industrial and commercial employers. Development of the commerce park will expand the County’s inventory of employment-ready industrial property, encourage business investment and job creation, and take advantage of the site’s proximity to U.S. 331 and Interstate 10.",Design,In Progress,None,May 2026,,10116001,,,,$0,$0,$0,$0,$0,,,8/31/2026,,,$0,$0,$0,,"$500,000"
Old Ferry Road Turn Lane,Public Works,10752,District 5,,Transportation Fund,Transportation & Public Works,,,,Scott Caraway,"The Old Ferry Road Southbound Right-Turn Lane project will improve traffic operations and safety at the intersection of Old Ferry Road and U.S. Highway 98. The project includes construction of a dedicated southbound right-turn lane for vehicles traveling from Old Ferry Road onto U.S. 98, helping separate turning traffic from other movements and improve the overall operation of the intersection. The improvements are being constructed by Walton County Public Works using in-house crews.",Construction,In Progress,None,August 2026,,10116001,,,,$0,$0,$0,$0,$0,,,8/31/2026,,,$0,$0,$0,,"$35,000"
Low Speed Vehicle Pull Over Area,Public Works,10352,District 5,03/2026,Transportation Fund,Transportation & Public Works,,,"The County's April 28, 2026 Engineering report lists the 30A Low Speed Vehicle Pull Over Areas under Completed Construction. Per the County's FY2026 Transportation Fund Projects general ledger (Org 10116001, Object 563000, Project 10352): $62,674.97 FY2026 revised budget. Not previously listed on this ledger — flagged for review.",Scott Caraway,,Construction,Complete,None,October 2025,,10116001,,,,$0,$0,$0,$0,$0,,,9/1/2026,,,$0,$0,$0,,"$62,675"
Driftwood Road Traffic Signal,Engineering,10100,District 4,,Transportation Fund,Transportation & Public Works,Mairamr Beach,,"The BCC approved Task Order No. 25-06 with Atkins for professional engineering services for the project in an amount not to exceed $232,828. 06/10/2025",Engineering Department,"The Driftwood Road and U.S. Highway 98 Intersection Signalization project will provide a new traffic signal at the intersection of Driftwood Road and U.S. 98 in Miramar Beach. The project is intended to improve traffic operations, safety, and access by providing controlled vehicular movements at the intersection and helping alleviate congestion along this portion of the U.S. 98 corridor. Improvements will include traffic signal infrastructure and associated intersection improvements necessary to accommodate the new signal.",Design,In Progress,None,06/2025,,10116001,,,,$0,$0,$0,$0,$0,,,8/31/2026,,,$0,$0,$0,,"$390,852"
Paxton Senior Center Parking Improvements,Public Works,10644,,09/2026,Transportation Fund,Transportation & Public Works,,,"The County's August 2026 Public Works update reports crews doing asphalt paving of the parking lot and striping, consistent with the June 2026 start.",Scott Caraway,"The Paxton Senior Center Parking Lot Improvements project provides a new paved parking area to improve access, safety, and functionality at the Paxton Senior Center. The project includes site preparation, parking lot construction, asphalt paving, and pavement striping to provide a durable and organized parking area for senior center visitors and community activities.",Construction,In Progress,None,04/2025,,10116001,,,,$0,$0,$0,$0,$0,,,9/1/2026,,,$0,$0,$0,,"$243,025"
River Road Bridge Replacement,Public Works,10093,District 2,,Transportation Fund,Transportation & Public Works,,,"Per the County's FY2026 Transportation Fund Projects general ledger (Org 10116001, Object 563000, Project 10093): $423,354.67 FY2026 revised budget. Not previously listed on this ledger — flagged for review.",Scott Caraway,Replacement of existing box car bridge.,Construction,Programmed,None,TBD,,10116001,,,,$0,$0,$0,$0,$0,,Acquired ROW from Water Management. Pending discussion of permitting with State and Federal agencies.,8/31/2026,,,$0,$0,$0,,"$423,355"
Mossyhead Waste Treatment Project,Public Works,10641,,,Transportation Fund,Transportation & Public Works,,,,,,Construction,Programmed,None,TBD,,10116020,,,,$0,$0,$0,$0,$0,,,8/31/2026,,,$0,$0,$0,,"$891,000"
Mack Bayou Path Phase II,Engineering,10722,District 4,,Capital Projects Fund,Transportation & Public Works,,,,Engineering Department,"The Mack Bayou Multi-Use Path Phase II project will continue the pedestrian improvements along the Mack Bayou corridor, extending the multi-use path network to provide safer and more continuous pedestrian and bicycle connectivity for surrounding neighborhoods, businesses, and community destinations. The project will be constructed using Walton County Public Works forces and will include the necessary path, drainage, grading, and associated improvements within the County right-of-way.",Construction,In Progress,None,04/2026,,30047030,,,,$0,$0,$0,$0,$0,,,8/31/2026,,,$0,$0,$0,,"$107,070"
Old Town Santa Rosa SW Facility & Event Venue,Engineering,10313,,,Capital Projects Fund,,,,"- May 10, 2022: BCC awarded RFQ 22-020 and authorized negotiations with the highest-ranked firm, Halff Associates

- November 22, 2022: BCC approved Contract 22-020 with Halff Associates for $1,675,744.32 for design services

- October 14, 2025: With design sufficiently advanced, BCC authorized solicitation of construction bids and CEI services for Phase I

- January 13, 2026: The County selected Neel-Schaffer, Inc. for Phase I CEI services",Engineering Department,"The Old Town of Santa Rosa Regional Stormwater Management and Event Facility project is a master-planned development of approximately 220 acres of County-owned property in South Walton. The project is designed to provide regional stormwater management to improve water quality within the Choctawhatchee Bay watershed while also creating public recreational and community amenities. Planned improvements include regional stormwater facilities, an event venue, passive recreational areas, roadway and pedestrian infrastructure, and other supporting site improvements. The project is being developed in phases, with Phase I including the Nellie Drive Extension to provide a new roadway connection through the property.",Design,Complete,None,,,30047000,,,,$0,$0,$0,$0,$0,,,8/31/2026,,,$0,$0,$0,,"$1,675,744"